,Open,High,Low,Close,Adj Close,Volume
2019-03-01,189.95,192.69,189.28,192.16,192.16,887600
2019-03-02,190.98,193.09,188.42,191.45,191.45,994600
2019-03-03,192.0,193.49,187.57,190.75,190.75,1101600
2019-03-04,193.03,193.89,186.71,190.04,190.04,1208600
2019-03-05,190.16,190.51,187.52,187.8,187.8,1409100
2019-03-06,188.18,188.7,180.56,181.11,181.11,1381000
2019-03-07,181.36,181.83,177.45,178.61,178.61,1432900
2019-03-08,177.26,177.62,173.59,177.26,177.26,1451500
2019-03-09,177.49,178.6,174.99,178.35,178.35,1417900
2019-03-10,177.71,179.58,176.38,179.43,179.43,1384300
2019-03-11,177.94,180.56,177.78,180.52,180.52,1350700
2019-03-12,181.15,183.23,179.85,182.57,182.57,1545300
2019-03-13,183.37,186.78,182.21,185.66,185.66,1202300
2019-03-14,185.62,186.66,184.45,186.11,186.11,785700
2019-03-15,186.88,189.35,186.37,188.09,188.09,2768600
2019-03-16,187.25,189.3,186.09,187.89,187.89,2363766
2019-03-17,187.63,189.26,185.81,187.68,187.68,1958933
2019-03-18,188.0,189.21,185.53,187.48,187.48,1554100
2019-03-19,184.64,185.0,181.18,181.76,181.76,1556200
2019-03-20,181.53,182.46,179.54,179.98,179.98,1213600
2019-03-21,178.22,182.74,178.22,182.56,182.56,1156500
2019-03-22,182.07,183.85,181.04,181.53,181.53,1612300
2019-03-23,181.94,184.25,181.17,182.3,182.3,1659700
2019-03-24,181.8,184.66,181.31,183.08,183.08,1707100
2019-03-25,181.67,185.06,181.44,183.85,183.85,1754500
2019-03-26,185.24,190.07,184.83,189.91,189.91,1373700
2019-03-27,190.0,190.01,185.62,185.82,185.82,1181200
2019-03-28,186.01,186.94,181.49,182.42,182.42,1615200
2019-03-29,184.29,184.86,181.92,183.95,183.95,1274700
2019-03-30,184.59,185.7,182.84,184.65,184.65,1193133
2019-03-31,184.9,186.54,183.76,185.35,185.35,1111566
2019-04-01,185.2,187.38,184.68,186.05,186.05,1030000
2019-04-02,185.96,189.43,184.91,187.11,187.11,814400
2019-04-03,187.9,188.98,187.01,187.89,187.89,829400
2019-04-04,188.22,188.34,182.49,184.15,184.15,1193400
2019-04-05,184.49,189.35,184.24,188.89,188.89,2289000
2019-04-06,186.08,189.55,185.05,188.9,188.9,1829366
2019-04-07,187.68,189.75,185.86,188.92,188.92,1369733
2019-04-08,189.27,189.95,186.67,188.93,188.93,910100
2019-04-09,188.01,189.7,187.75,188.31,188.31,976000
2019-04-10,188.32,191.71,187.07,190.37,190.37,1155900
2019-04-11,191.08,191.42,184.22,185.12,185.12,1971900
2019-04-12,185.42,186.47,182.31,182.78,182.78,1077400
2019-04-13,184.37,185.75,181.62,182.68,182.68,993833
2019-04-14,183.32,185.04,180.93,182.59,182.59,910266
2019-04-15,182.27,184.32,180.24,182.49,182.49,826700
2019-04-16,183.63,184.8,179.59,179.74,179.74,900300
2019-04-17,180.45,180.75,166.65,166.97,166.97,2851100
2019-04-18,169.96,170.45,163.68,168.16,168.16,3195700
2019-04-19,169.42,170.3,164.31,168.25,168.25,2700150
2019-04-20,168.88,170.15,164.94,168.34,168.34,2204600
2019-04-21,168.33,170.01,165.57,168.43,168.43,1709050
2019-04-22,167.79,169.86,166.2,168.52,168.52,1213500
2019-04-23,169.22,175.6,168.77,175.37,175.37,1514600
2019-04-24,175.58,175.86,171.76,172.58,172.58,1164500
2019-04-25,172.4,175.22,170.2,174.61,174.61,806500
2019-04-26,173.98,174.42,170.01,172.85,172.85,1117700
2019-04-27,173.51,174.17,170.41,172.74,172.74,995233
2019-04-28,173.05,173.92,170.82,172.63,172.63,872766
2019-04-29,172.58,173.67,171.22,172.52,172.52,750300
2019-04-30,173.93,174.92,168.49,168.98,168.98,1619800
2019-05-01,168.76,175.6,168.51,172.6,172.6,1824800
2019-05-02,172.1,172.49,167.8,169.54,169.54,1209800
2019-05-03,170.05,174.19,169.46,173.87,173.87,971800
2019-05-04,170.13,174.51,169.62,174.17,174.17,943966
2019-05-05,170.22,174.83,169.79,174.46,174.46,916133
2019-05-06,170.3,175.15,169.95,174.76,174.76,888300
2019-05-07,172.33,174.38,168.59,170.28,170.28,1345900
2019-05-08,170.06,171.54,168.4,169.01,169.01,1121600
2019-05-09,167.4,170.5,166.48,169.91,169.91,820200
2019-05-10,169.36,169.36,164.31,168.85,168.85,805700
2019-05-11,168.14,168.73,164.23,167.44,167.44,909966
2019-05-12,166.92,168.11,164.15,166.02,166.02,1014233
2019-05-13,165.7,167.48,164.07,164.61,164.61,1118500
2019-05-14,165.6,167.58,164.96,166.72,166.72,938200
2019-05-15,165.41,168.22,164.96,166.88,166.88,663700
2019-05-16,167.63,173.41,167.63,170.23,170.23,1688900
2019-05-17,168.9,170.84,167.97,168.73,168.73,898200
2019-05-18,168.52,169.98,167.21,167.73,167.73,813566
2019-05-19,168.15,169.11,166.44,166.73,166.73,728933
2019-05-20,167.77,168.25,165.68,165.73,165.73,644300
2019-05-21,167.89,170.15,167.38,169.12,169.12,703300
2019-05-22,168.47,174.29,168.47,172.37,172.37,1230400
2019-05-23,171.61,173.32,169.5,173.01,173.01,1272800
2019-05-24,174.31,175.94,171.37,171.77,171.77,1115700
2019-05-25,173.79,175.4,171.29,172.02,172.02,1222300
2019-05-26,173.28,174.86,171.21,172.26,172.26,1328900
2019-05-27,172.76,174.33,171.14,172.51,172.51,1435500
2019-05-28,172.24,173.79,171.06,172.76,172.76,1542100
2019-05-29,171.15,171.87,166.3,166.55,166.55,1788400
2019-05-30,167.26,170.5,167.26,170.26,170.26,902900
2019-05-31,168.49,169.99,166.1,166.18,166.18,982500
2019-06-01,167.95,169.61,166.0,166.33,166.33,1015200
2019-06-02,167.41,169.23,165.9,166.49,166.49,1047900
2019-06-03,166.87,168.85,165.8,166.64,166.64,1080600
2019-06-04,168.16,172.97,167.08,171.27,171.27,1456800
2019-06-05,171.9,174.0,170.39,173.27,173.27,1254500
2019-06-06,173.22,173.99,167.42,167.75,167.75,1261100
2019-06-07,169.43,173.98,169.26,173.51,173.51,1109600
2019-06-08,170.72,174.03,170.01,173.29,173.29,1081433
2019-06-09,172.0,174.07,170.76,173.06,173.06,1053266
2019-06-10,173.29,174.12,171.51,172.84,172.84,1025100
2019-06-11,174.08,174.88,171.75,172.0,172.0,1442300
2019-06-12,172.6,173.47,169.26,170.63,170.63,1444600
2019-06-13,171.17,171.95,167.84,168.89,168.89,951600
2019-06-14,168.9,170.99,167.94,170.22,170.22,806100
2019-06-15,169.66,172.04,169.02,171.41,171.41,855933
2019-06-16,170.41,173.09,170.09,172.59,172.59,905766
2019-06-17,171.17,174.14,171.17,173.78,173.78,955600
2019-06-18,175.97,178.9,174.8,177.94,177.94,1521400
2019-06-19,178.52,182.14,177.0,181.75,181.75,1535400
2019-06-20,183.52,186.33,181.21,182.17,182.17,1217700
2019-06-21,183.34,184.45,180.76,183.97,183.97,1844600
2019-06-22,183.75,184.63,180.69,182.99,182.99,1484400
2019-06-23,184.15,184.8,180.62,182.0,182.0,1124200
2019-06-24,184.56,184.98,180.55,181.02,181.02,764000
2019-06-25,181.64,183.1,179.49,180.15,180.15,960100
2019-06-26,180.11,181.03,177.13,177.66,177.66,768700
2019-06-27,178.0,179.24,176.68,178.58,178.58,731500
2019-06-28,179.74,184.99,178.75,183.38,183.38,1604900
2019-06-29,181.52,185.04,179.44,182.87,182.87,1440433
2019-06-30,183.29,185.09,180.12,182.35,182.35,1275966
2019-07-01,185.07,185.14,180.81,181.84,181.84,1111500
2019-07-02,181.54,181.54,178.88,179.53,179.53,819600
2019-07-03,180.25,183.45,178.54,183.26,183.26,571600
2019-07-04,179.85,183.35,177.97,180.8,180.8,725250
2019-07-05,179.45,183.24,177.41,178.34,178.34,878900
2019-07-06,178.89,181.41,176.33,177.81,177.81,858900
2019-07-07,178.32,179.59,175.26,177.28,177.28,838900
2019-07-08,177.76,177.76,174.18,176.75,176.75,818900
2019-07-09,175.62,178.63,174.78,178.46,178.46,714700
2019-07-10,179.0,179.75,175.53,178.76,178.76,766600
2019-07-11,178.81,178.86,172.74,176.01,176.01,1258100
2019-07-12,176.06,176.27,173.95,175.79,175.79,1004000
2019-07-13,176.09,176.87,174.2,175.98,175.98,1021100
2019-07-14,176.13,177.48,174.45,176.18,176.18,1038200
2019-07-15,176.16,178.08,174.7,176.37,176.37,1055300
2019-07-16,176.47,177.93,175.58,176.16,176.16,620000
2019-07-17,176.93,179.24,176.33,177.14,177.14,773100
2019-07-18,176.92,178.58,176.38,178.09,178.09,853500
2019-07-19,179.15,179.15,174.05,174.13,174.13,1121600
2019-07-20,177.21,177.62,173.5,174.11,174.11,1121400
2019-07-21,175.28,176.1,172.96,174.1,174.1,1121200
2019-07-22,173.34,174.57,172.41,174.08,174.08,1121000
2019-07-23,174.43,176.36,173.4,175.24,175.24,828400
2019-07-24,175.0,175.0,172.31,173.34,173.34,1135700
2019-07-25,172.22,172.51,169.02,169.56,169.56,1784000
2019-07-26,170.18,171.13,165.85,166.83,166.83,1640900
2019-07-27,169.19,169.92,165.66,166.63,166.63,1549466
2019-07-28,168.2,168.72,165.46,166.43,166.43,1458033
2019-07-29,167.21,167.51,165.27,166.23,166.23,1366600
2019-07-30,165.74,171.1,165.52,169.54,169.54,2339000
2019-07-31,168.79,170.21,165.66,166.62,166.62,1460400
2019-08-01,173.42,181.3,170.13,179.29,179.29,3130300
2019-08-02,177.78,180.97,177.06,178.39,178.39,1814900
2019-08-03,177.33,179.69,176.01,177.45,177.45,1779733
2019-08-04,176.89,178.42,174.97,176.5,176.5,1744566
2019-08-05,176.44,177.14,173.92,175.56,175.56,1709400
2019-08-06,174.23,177.05,173.64,176.94,176.94,1287600
2019-08-07,175.11,176.47,172.48,175.65,175.65,941000
2019-08-08,175.59,183.11,175.59,182.94,182.94,1641700
2019-08-09,182.94,184.07,179.39,182.98,182.98,1275800
2019-08-10,182.65,183.76,179.3,181.93,181.93,1237500
2019-08-11,182.35,183.45,179.21,180.89,180.89,1199200
2019-08-12,182.06,183.14,179.12,179.84,179.84,1160900
2019-08-13,178.36,185.54,178.04,183.91,183.91,1246100
2019-08-14,181.77,183.57,178.85,179.53,179.53,1405800
2019-08-15,180.01,182.04,178.37,181.12,181.12,823100
2019-08-16,183.08,185.75,180.84,184.94,184.94,1304200
2019-08-17,184.13,186.4,182.52,185.66,185.66,1190533
2019-08-18,185.19,187.06,184.2,186.37,186.37,1076866
2019-08-19,186.24,187.71,185.88,187.09,187.09,963200
2019-08-20,187.04,188.44,182.9,183.72,183.72,1001300
2019-08-21,185.86,187.3,184.6,186.4,186.4,575500
2019-08-22,186.76,187.62,181.48,184.21,184.21,1026800
2019-08-23,184.36,186.78,179.24,180.18,180.18,1198700
2019-08-24,183.18,185.31,179.35,180.33,180.33,1075633
2019-08-25,182.0,183.85,179.45,180.49,180.49,952566
2019-08-26,180.82,182.38,179.56,180.64,180.64,829500
2019-08-27,181.99,182.92,177.27,178.25,178.25,940100
2019-08-28,177.47,180.71,170.54,178.34,178.34,1680200
2019-08-29,179.3,180.5,178.14,178.98,178.98,680300
2019-08-30,180.26,181.2,178.76,180.02,180.02,892900
2019-08-31,180.33,181.29,178.46,179.69,179.69,927200
2019-09-01,180.4,181.39,178.17,179.36,179.36,961500
2019-09-02,180.48,181.48,177.88,179.03,179.03,995800
2019-09-03,180.55,181.57,177.58,178.7,178.7,1030100
2019-09-04,179.73,179.75,173.56,176.83,176.83,1003300
2019-09-05,178.18,180.05,177.02,179.86,179.86,868700
2019-09-06,180.35,182.15,179.33,181.33,181.33,979400
2019-09-07,180.6,181.86,177.7,179.16,179.16,1045266
2019-09-08,180.84,181.57,176.08,176.98,176.98,1111133
2019-09-09,181.09,181.28,174.45,174.81,174.81,1177000
2019-09-10,174.03,174.14,166.65,171.01,171.01,1849400
2019-09-11,171.19,173.61,170.9,173.11,173.11,1190800
2019-09-12,174.39,175.45,172.0,172.45,172.45,874500
2019-09-13,173.16,175.79,172.45,174.94,174.94,1216300
2019-09-14,173.4,176.56,172.68,175.81,175.81,1130533
2019-09-15,173.65,177.32,172.9,176.68,176.68,1044766
2019-09-16,173.89,178.09,173.13,177.55,177.55,959000
2019-09-17,173.02,177.82,173.02,176.0,176.0,1157200
2019-09-18,176.01,176.5,171.96,174.52,174.52,1172700
2019-09-19,174.48,176.7,173.6,176.14,176.14,773500
2019-09-20,177.01,179.55,175.58,178.12,178.12,1719400
2019-09-21,177.42,179.37,175.64,177.37,177.37,1387600
2019-09-22,177.82,179.19,175.71,176.63,176.63,1055800
2019-09-23,178.23,179.01,175.77,175.88,175.88,724000
2019-09-24,176.32,177.78,171.03,172.52,172.52,767400
2019-09-25,172.31,173.49,170.56,171.5,171.5,949600
2019-09-26,172.05,172.05,167.43,169.55,169.55,1593800
2019-09-27,170.29,170.54,165.53,166.74,166.74,1206300
2019-09-28,170.04,170.79,166.22,167.63,167.63,1281633
2019-09-29,169.8,171.04,166.92,168.53,168.53,1356966
2019-09-30,169.55,171.29,167.61,169.42,169.42,1432300
2019-10-01,169.24,170.11,166.52,167.58,167.58,950800
2019-10-02,167.69,168.52,165.23,166.71,166.71,1486100
2019-10-03,166.06,170.64,166.06,170.5,170.5,1094000
2019-10-04,170.89,172.92,170.52,172.42,172.42,873400
2019-10-05,171.11,172.87,170.1,172.3,172.3,881366
2019-10-06,171.33,172.81,169.69,172.17,172.17,889333
2019-10-07,171.55,172.76,169.27,172.05,172.05,897300
2019-10-08,170.47,171.89,167.6,169.55,169.55,972100
2019-10-09,170.87,171.99,168.55,168.73,168.73,768500
2019-10-10,168.42,170.37,167.62,170.22,170.22,765600
2019-10-11,171.44,174.72,171.13,172.41,172.41,854900
2019-10-12,171.73,174.9,171.53,172.8,172.8,750133
2019-10-13,172.03,175.07,171.92,173.2,173.2,645366
2019-10-14,172.32,175.25,172.32,173.59,173.59,540600
2019-10-15,174.36,176.98,174.02,176.14,176.14,738800
2019-10-16,175.32,177.2,173.62,176.09,176.09,749400
2019-10-17,177.8,180.05,177.5,177.72,177.72,1133600
2019-10-18,180.25,180.25,175.38,176.23,176.23,1122600
2019-10-19,179.24,181.77,175.19,178.66,178.66,1114133
2019-10-20,178.24,183.29,175.01,181.1,181.1,1105666
2019-10-21,177.23,184.81,174.82,183.53,183.53,1097200
2019-10-22,186.91,194.75,186.19,191.06,191.06,4428000
2019-10-23,190.37,192.54,186.41,190.51,190.51,1544600
2019-10-24,191.7,194.9,189.35,194.47,194.47,1881000
2019-10-25,193.13,195.94,192.55,194.49,194.49,1199300
2019-10-26,193.61,195.63,192.47,194.33,194.33,1245333
2019-10-27,194.08,195.33,192.4,194.18,194.18,1291366
2019-10-28,194.56,195.02,192.32,194.02,194.02,1337400
2019-10-29,194.43,198.46,193.26,197.89,197.89,1695000
2019-10-30,198.11,199.46,196.64,199.28,199.28,1195700
2019-10-31,197.06,200.0,194.2,195.48,195.48,2273400
2019-11-01,196.24,202.94,195.02,200.94,200.94,3010600
2019-11-02,198.2,202.71,195.95,200.43,200.43,2438166
2019-11-03,200.17,202.48,196.87,199.93,199.93,1865733
2019-11-04,202.13,202.25,197.8,199.42,199.42,1293300
2019-11-05,199.0,199.95,196.46,197.14,197.14,1324200
2019-11-06,198.23,198.49,195.7,195.97,195.97,1124000
2019-11-07,196.4,197.16,195.11,195.83,195.83,1018500
2019-11-08,197.08,202.11,196.71,201.31,201.31,1219900
2019-11-09,198.38,202.14,197.57,201.51,201.51,1088333
2019-11-10,199.68,202.18,198.43,201.7,201.7,956766
2019-11-11,200.98,202.21,199.29,201.9,201.9,825200
2019-11-12,202.14,204.84,201.84,203.86,203.86,939800
2019-11-13,205.0,207.64,203.75,207.1,207.1,1080500
2019-11-14,206.84,207.5,203.24,205.0,205.0,995500
2019-11-15,205.95,210.05,205.01,209.8,209.8,1581500
2019-11-16,207.26,210.06,205.9,209.87,209.87,1565533
2019-11-17,208.56,210.07,206.79,209.93,209.93,1549566
2019-11-18,209.87,210.08,207.68,210.0,210.0,1533600
2019-11-19,212.97,215.46,209.41,215.0,215.0,1706100
2019-11-20,214.78,217.08,212.85,215.07,215.07,2487300
2019-11-21,214.34,215.64,212.8,215.5,215.5,1241300
2019-11-22,216.93,218.6,215.1,218.0,218.0,1318900
2019-11-23,217.74,220.27,216.4,219.76,219.76,1376100
2019-11-24,218.56,221.94,217.7,221.51,221.51,1433300
2019-11-25,219.37,223.61,219.0,223.27,223.27,1490500
2019-11-26,223.66,223.73,218.23,219.05,219.05,1875300
2019-11-27,219.1,220.99,218.07,220.06,220.06,833100
2019-11-28,219.75,221.71,219.05,220.9,220.9,685100
2019-11-29,220.39,222.42,220.03,221.75,221.75,537100
2019-11-30,221.25,222.75,219.49,221.43,221.43,722466
2019-12-01,222.1,223.08,218.95,221.11,221.11,907833
2019-12-02,222.96,223.41,218.41,220.79,220.79,1093200
2019-12-03,219.61,222.75,218.39,221.13,221.13,949200
2019-12-04,222.0,224.08,221.07,223.91,223.91,937000
2019-12-05,223.77,224.31,221.35,223.07,223.07,767200
2019-12-06,224.17,224.66,220.36,223.25,223.25,1021300
2019-12-07,223.78,224.99,219.97,221.96,221.96,1275633
2019-12-08,223.38,225.33,219.58,220.66,220.66,1529966
2019-12-09,222.99,225.66,219.19,219.37,219.37,1784300
2019-12-10,219.42,221.87,218.5,220.27,220.27,1256600
2019-12-11,221.91,224.27,219.58,220.0,220.0,958900
2019-12-12,219.71,222.55,219.17,220.55,220.55,1094600
2019-12-13,220.19,221.62,217.83,218.98,218.98,1484100
2019-12-14,220.29,221.7,218.33,219.15,219.15,1629166
2019-12-15,220.4,221.78,218.83,219.33,219.33,1774233
2019-12-16,220.5,221.86,219.33,219.5,219.5,1919300
2019-12-17,219.72,219.73,216.01,217.62,217.62,1452500
2019-12-18,217.83,219.92,217.49,219.35,219.35,1759400
2019-12-19,220.14,220.68,216.98,217.78,217.78,1864200
2019-12-20,219.62,221.02,217.0,220.69,220.69,2824100
2019-12-21,220.06,221.64,217.89,220.45,220.45,2260333
2019-12-22,220.51,222.25,218.79,220.22,220.22,1696566
2019-12-23,220.95,222.87,219.68,219.98,219.98,1132800
2019-12-24,220.46,220.64,218.51,220.56,220.56,300500
2019-12-25,220.53,220.77,218.44,220.4,220.4,498750
2019-12-26,220.6,220.9,218.38,220.25,220.25,697000
2019-12-27,220.59,221.48,218.12,220.97,220.97,904600
2019-12-28,220.52,221.64,217.86,220.3,220.3,861166
2019-12-29,220.45,221.79,217.59,219.64,219.64,817733
2019-12-30,220.38,221.95,217.33,218.97,218.97,774300
2019-12-31,218.6,219.81,216.7,218.95,218.95,1036400
2020-01-01,219.42,220.23,216.82,219.2,219.2,1185350
2020-01-02,220.24,220.65,216.95,219.45,219.45,1334300
2020-01-03,216.16,219.89,214.55,217.98,217.98,943400
2020-01-04,216.68,221.38,215.34,220.0,220.0,1107800
2020-01-05,217.21,222.86,216.12,222.01,222.01,1272200
2020-01-06,217.73,224.35,216.91,224.03,224.03,1436600
2020-01-07,224.26,225.92,222.14,223.79,223.79,1027700
2020-01-08,225.89,232.7,224.91,231.09,231.09,1802600
2020-01-09,233.08,233.26,227.27,230.26,230.26,1435400
2020-01-10,231.69,231.69,228.07,228.95,228.95,1017300
2020-01-11,230.92,231.13,226.9,228.13,228.13,1022033
2020-01-12,230.15,230.56,225.73,227.31,227.31,1026766
2020-01-13,229.38,230.0,224.56,226.49,226.49,1031500
2020-01-14,226.44,229.8,225.53,229.75,229.75,1042000
2020-01-15,229.88,234.33,228.78,234.15,234.15,1741500
2020-01-16,234.27,235.78,233.27,235.5,235.5,2124000
2020-01-17,236.51,236.51,232.82,235.83,235.83,1599300
2020-01-18,236.34,236.68,232.9,235.37,235.37,1549425
2020-01-19,236.17,236.85,232.98,234.91,234.91,1499550
2020-01-20,236.01,237.03,233.05,234.45,234.45,1449675
2020-01-21,235.84,237.2,233.13,233.99,233.99,1399800
2020-01-22,234.94,237.47,234.4,234.61,234.61,1134000
2020-01-23,235.0,235.63,231.38,233.91,233.91,978000
2020-01-24,234.07,235.18,228.42,229.06,229.06,904300
2020-01-25,231.55,233.05,227.64,228.5,228.5,870200
2020-01-26,229.03,230.92,226.85,227.93,227.93,836100
2020-01-27,226.51,228.79,226.07,227.37,227.37,802000
2020-01-28,228.53,232.3,227.57,231.97,231.97,861800
2020-01-29,231.72,233.59,230.57,232.41,232.41,893500
2020-01-30,230.84,231.75,228.68,230.31,230.31,1169500
2020-01-31,238.65,239.4,223.01,227.05,227.05,3373500
2020-02-01,236.02,237.53,223.68,228.2,228.2,2911666
2020-02-02,233.39,235.65,224.34,229.36,229.36,2449833
2020-02-03,230.76,233.78,225.01,230.51,230.51,1988000
2020-02-04,233.35,241.23,233.29,239.66,239.66,1485900
2020-02-05,241.61,244.41,240.0,240.76,240.76,1951600
2020-02-06,242.13,244.65,238.01,239.12,239.12,1320300
2020-02-07,237.66,240.34,234.1,240.06,240.06,1443100
2020-02-08,238.18,241.86,235.07,241.62,241.62,1386400
2020-02-09,238.7,243.37,236.03,243.19,243.19,1329700
2020-02-10,239.22,244.89,237.0,244.75,244.75,1273000
2020-02-11,245.0,249.0,242.78,247.81,247.81,2280000
2020-02-12,247.61,248.8,240.7,242.21,242.21,1805700
2020-02-13,241.41,245.39,239.73,240.09,240.09,1329200
2020-02-14,241.24,244.45,238.55,243.82,243.82,1354000
2020-02-15,242.16,244.84,239.19,244.35,244.35,1341850
2020-02-16,243.08,245.22,239.82,244.88,244.88,1329700
2020-02-17,244.0,245.61,240.45,245.4,245.4,1317550
2020-02-18,244.92,246.0,241.09,245.93,245.93,1305400
2020-02-19,249.85,249.85,245.24,247.78,247.78,947700
2020-02-20,247.29,247.7,242.59,245.1,245.1,1524800
2020-02-21,247.3,247.5,243.27,246.29,246.29,1365100
2020-02-22,245.35,245.92,240.75,243.2,243.2,1463166
2020-02-23,243.39,244.34,238.22,240.1,240.1,1561233
2020-02-24,241.44,242.76,235.7,237.01,237.01,1659300
2020-02-25,238.18,239.99,228.5,230.0,230.0,1581100
2020-02-26,232.41,237.37,229.49,232.04,232.04,1578500
2020-02-27,228.48,231.63,218.01,223.3,223.3,1973000
2020-02-28,215.57,224.54,215.5,224.03,224.03,2485900
2020-02-29,218.52,227.35,218.05,226.78,226.78,2459400
2020-03-01,221.48,230.17,220.59,229.54,229.54,2432900
2020-03-02,224.43,232.98,223.14,232.29,232.29,2406400
2020-03-03,230.27,237.55,226.67,228.26,228.26,2092900
2020-03-04,232.29,246.06,230.9,245.32,245.32,1971800
2020-03-05,239.24,242.18,235.29,237.31,237.31,1518300
2020-03-06,227.65,234.48,226.61,233.5,233.5,1872600
2020-03-07,224.46,232.19,222.43,228.88,228.88,1926566
2020-03-08,221.26,229.9,218.26,224.27,224.27,1980533
2020-03-09,218.07,227.61,214.08,219.65,219.65,2034500
2020-03-10,226.21,231.41,216.47,230.51,230.51,2024200
2020-03-11,225.63,230.83,218.7,220.34,220.34,1733800
2020-03-12,206.59,215.36,201.5,204.06,204.06,3757900
2020-03-13,218.23,221.47,200.76,220.86,220.86,3813400
2020-03-14,212.69,220.65,200.23,213.83,213.83,3382700
2020-03-15,207.14,219.82,199.69,206.8,206.8,2952000
2020-03-16,201.6,219.0,199.16,199.77,199.77,2521300
2020-03-17,203.97,230.06,202.5,210.44,210.44,4447500
2020-03-18,200.6,224.99,197.47,212.98,212.98,3406400
2020-03-19,215.15,223.93,202.01,215.69,215.69,3118600
2020-03-20,217.7,227.43,204.16,206.0,206.0,2764700
2020-03-21,215.3,224.32,202.61,204.74,204.74,2777133
2020-03-22,212.9,221.21,201.07,203.47,203.47,2789566
2020-03-23,210.5,218.1,199.52,202.21,202.21,2802000
2020-03-24,207.84,224.98,207.84,223.13,223.13,2830400
2020-03-25,219.88,224.0,209.51,210.09,210.09,2066600
2020-03-26,209.8,225.62,209.43,224.49,224.49,1752500
2020-03-27,219.43,224.18,215.57,217.24,217.24,1712700
2020-03-28,220.07,227.38,217.05,222.13,222.13,1854766
2020-03-29,220.7,230.57,218.52,227.03,227.03,1996833
2020-03-30,221.34,233.77,220.0,231.92,231.92,2138900
2020-03-31,228.95,240.0,228.02,237.95,237.95,3300700
2020-04-01,232.12,234.98,223.45,225.48,225.48,1482300
2020-04-02,222.77,242.96,222.39,242.16,242.16,2503900
2020-04-03,241.38,247.45,234.35,238.31,238.31,1989800
2020-04-04,243.79,250.52,236.88,243.97,243.97,2341966
2020-04-05,246.2,253.58,239.41,249.64,249.64,2694133
2020-04-06,248.61,256.65,241.94,255.3,255.3,3046300
2020-04-07,263.15,267.45,245.38,247.67,247.67,3551100
2020-04-08,249.43,251.68,240.5,249.66,249.66,2737500
2020-04-09,252.0,252.0,243.0,246.61,246.61,2491400
2020-04-10,250.17,252.46,243.2,248.03,248.03,2326375
2020-04-11,248.33,252.92,243.4,249.44,249.44,2161350
2020-04-12,246.5,253.37,243.61,250.86,250.86,1996325
2020-04-13,244.66,253.83,243.81,252.28,252.28,1831300
2020-04-14,257.44,265.66,253.51,262.41,262.41,2180500
2020-04-15,260.9,262.82,254.31,255.23,255.23,2686500
2020-04-16,259.67,265.28,258.61,264.76,264.76,2172800
2020-04-17,272.34,272.67,265.15,270.46,270.46,2166700
2020-04-18,272.22,273.87,266.45,271.39,271.39,2100400
2020-04-19,272.09,275.06,267.75,272.33,272.33,2034100
2020-04-20,271.97,276.26,269.05,273.26,273.26,1967800
2020-04-21,273.0,277.22,262.55,262.8,262.8,1602700
2020-04-22,267.15,271.25,264.0,269.37,269.37,1546000
2020-04-23,270.03,277.8,266.92,267.91,267.91,2770400
2020-04-24,270.12,271.35,266.43,269.86,269.86,1805800
2020-04-25,271.75,272.65,266.67,269.41,269.41,1931066
2020-04-26,273.37,273.96,266.92,268.96,268.96,2056333
2020-04-27,275.0,275.26,267.16,268.51,268.51,2181600
2020-04-28,268.0,269.95,250.43,256.96,256.96,2338300
2020-04-29,260.97,262.0,250.52,251.05,251.05,2401700
2020-04-30,257.75,258.5,245.06,251.2,251.2,2825200
2020-05-01,249.26,256.0,248.0,254.9,254.9,1940200
2020-05-02,251.97,259.0,250.67,258.16,258.16,2176900
2020-05-03,254.69,262.0,253.34,261.43,261.43,2413600
2020-05-04,257.4,265.0,256.01,264.69,264.69,2650300
2020-05-05,266.97,274.06,264.8,272.33,272.33,1934300
2020-05-06,272.33,275.55,268.0,270.06,270.06,1290200
2020-05-07,272.69,273.72,266.83,270.01,270.01,1622000
2020-05-08,269.5,274.41,268.29,271.63,271.63,1084100
2020-05-09,270.15,278.55,269.01,276.18,276.18,1412233
2020-05-10,270.8,282.68,269.72,280.73,280.73,1740366
2020-05-11,271.45,286.82,270.44,285.28,285.28,2068500
2020-05-12,287.33,288.52,276.41,276.47,276.47,1727500
2020-05-13,276.6,284.86,272.19,277.03,277.03,1644900
2020-05-14,277.56,282.48,272.21,277.0,277.0,3076100
2020-05-15,275.63,288.73,273.51,288.69,288.69,1740100
2020-05-16,281.68,291.0,276.71,287.17,287.17,1735733
2020-05-17,287.73,293.28,279.9,285.65,285.65,1731366
2020-05-18,293.78,295.55,283.1,284.13,284.13,1727000
2020-05-19,285.3,288.41,281.14,282.28,282.28,1267200
2020-05-20,284.81,285.99,282.13,284.62,284.62,1436500
2020-05-21,285.26,285.4,281.25,284.63,284.63,1315000
2020-05-22,284.18,286.0,281.52,284.96,284.96,1066500
2020-05-23,285.12,286.62,277.24,280.34,280.34,1671625
2020-05-24,286.07,287.25,272.96,275.73,275.73,2276750
2020-05-25,287.01,287.88,268.69,271.11,271.11,2881875
2020-05-26,287.95,288.5,264.41,266.5,266.5,3487000
2020-05-27,264.38,278.69,254.41,278.51,278.51,3189300
2020-05-28,276.27,283.73,276.07,277.38,277.38,1922200
2020-05-29,281.35,289.44,276.04,287.96,287.96,5392900
2020-05-30,282.71,289.2,278.63,287.52,287.52,4201733
2020-05-31,284.06,288.97,281.23,287.08,287.08,3010566
2020-06-01,285.42,288.73,283.82,286.64,286.64,1819400
2020-06-02,283.92,286.18,278.66,284.27,284.27,1600700
2020-06-03,283.72,283.8,274.06,277.01,277.01,1782900
2020-06-04,274.27,279.29,270.76,272.82,272.82,1603900
2020-06-05,270.82,271.68,262.55,265.69,265.69,2753400
2020-06-06,268.56,269.73,262.13,265.46,265.46,2531766
2020-06-07,266.31,267.79,261.7,265.24,265.24,2310133
2020-06-08,264.05,265.84,261.28,265.01,265.01,2088500
2020-06-09,267.28,275.14,265.09,270.85,270.85,2687900
2020-06-10,275.76,277.9,271.81,274.34,274.34,1600200
2020-06-11,275.56,276.36,263.67,263.89,263.89,1831000
2020-06-12,268.12,271.39,262.3,268.56,268.56,1530100
2020-06-13,267.0,270.43,262.28,268.3,268.3,1481866
2020-06-14,265.89,269.48,262.26,268.03,268.03,1433633
2020-06-15,264.77,268.52,262.24,267.77,267.77,1385400
2020-06-16,270.43,275.69,268.22,273.77,273.77,1557200
2020-06-17,273.88,282.76,273.77,280.09,280.09,1645100
2020-06-18,279.4,282.22,275.93,279.19,279.19,1371900
2020-06-19,280.3,295.54,280.3,293.27,293.27,4085300
2020-06-20,284.87,295.36,282.8,293.25,293.25,3254233
2020-06-21,289.43,295.18,285.3,293.22,293.22,2423166
2020-06-22,294.0,295.0,287.8,293.2,293.2,1592100
2020-06-23,294.06,299.21,293.31,295.8,295.8,1571800
2020-06-24,294.93,297.71,288.9,291.18,291.18,1622100
2020-06-25,292.38,295.36,288.83,295.15,295.15,1188700
2020-06-26,292.68,293.0,284.74,286.14,286.14,1895300
2020-06-27,290.77,291.22,283.46,285.82,285.82,1747700
2020-06-28,288.86,289.43,282.17,285.5,285.5,1600100
2020-06-29,286.95,287.65,280.89,285.18,285.18,1452500
2020-06-30,287.68,292.37,283.0,290.31,290.31,2171900
2020-07-01,290.5,291.66,283.79,286.28,286.28,1752400
2020-07-02,288.52,293.95,287.45,291.1,291.1,1101700
2020-07-03,289.98,294.21,288.0,291.15,291.15,1161750
2020-07-04,291.44,294.48,288.54,291.21,291.21,1221800
2020-07-05,292.9,294.74,289.09,291.26,291.26,1281850
2020-07-06,294.36,295.0,289.63,291.31,291.31,1341900
2020-07-07,292.3,306.08,291.45,299.06,299.06,1624800
2020-07-08,300.05,301.65,292.13,295.92,295.92,1500300
2020-07-09,295.52,297.79,290.05,295.4,295.4,1106800
2020-07-10,293.95,295.0,290.86,294.45,294.45,911300
2020-07-11,293.65,295.62,288.52,291.24,291.24,1163300
2020-07-12,293.35,296.23,286.19,288.03,288.03,1415300
2020-07-13,293.05,296.85,283.85,284.82,284.82,1667300
2020-07-14,283.14,294.72,279.12,293.83,293.83,1738300
2020-07-15,292.76,295.35,290.2,295.11,295.11,1126900
2020-07-16,292.01,293.33,284.69,290.56,290.56,903300
2020-07-17,291.53,294.67,289.28,294.53,294.53,1072200
2020-07-18,291.92,297.78,290.42,297.39,297.39,1133400
2020-07-19,292.3,300.89,291.55,300.24,300.24,1194600
2020-07-20,292.69,304.0,292.69,303.1,303.1,1255800
2020-07-21,300.65,301.14,290.96,291.4,291.4,1515000
2020-07-22,293.56,293.56,286.46,291.23,291.23,846200
2020-07-23,291.33,291.99,283.32,284.46,284.46,1310200
2020-07-24,281.78,282.64,276.5,278.49,278.49,1837800
2020-07-25,281.47,283.62,276.89,280.4,280.4,1720233
2020-07-26,281.15,284.59,277.29,282.3,282.3,1602666
2020-07-27,280.84,285.57,277.68,284.21,284.21,1485100
2020-07-28,283.83,284.59,278.14,278.52,278.52,1098400
2020-07-29,280.28,281.59,278.09,278.72,278.72,1091200
2020-07-30,275.08,282.28,274.66,279.4,279.4,1538400
2020-07-31,278.88,283.0,268.25,272.0,272.0,2983400
2020-08-01,277.32,282.2,270.17,274.51,274.51,2561033
2020-08-02,275.76,281.39,272.08,277.01,277.01,2138666
2020-08-03,274.2,280.59,274.0,279.52,279.52,1716300
2020-08-04,279.23,280.57,274.03,275.71,275.71,1288400
2020-08-05,275.41,275.75,271.16,273.23,273.23,1329800
2020-08-06,269.3,273.88,268.58,273.34,273.34,1141900
2020-08-07,273.48,277.2,269.95,272.99,272.99,1006000
2020-08-08,272.85,275.56,268.33,271.57,271.57,1066233
2020-08-09,272.21,273.93,266.71,270.15,270.15,1126466
2020-08-10,271.58,272.29,265.09,268.73,268.73,1186700
2020-08-11,266.0,267.99,261.3,261.86,261.86,1370100
2020-08-12,263.08,271.35,262.87,270.85,270.85,1262600
2020-08-13,270.06,272.73,266.87,267.15,267.15,979200
2020-08-14,268.29,269.95,265.8,267.29,267.29,1008300
2020-08-15,268.16,271.36,266.48,269.47,269.47,1000533
2020-08-16,268.03,272.76,267.16,271.66,271.66,992766
2020-08-17,267.9,274.17,267.84,273.84,273.84,985000
2020-08-18,275.0,275.0,269.26,271.31,271.31,887100
2020-08-19,270.85,273.99,269.53,270.07,270.07,996500
2020-08-20,270.67,272.09,268.6,271.43,271.43,1117700
2020-08-21,271.73,273.11,267.99,271.28,271.28,1064100
2020-08-22,271.12,272.72,266.48,270.0,270.0,1055166
2020-08-23,270.51,272.33,264.98,268.71,268.71,1046233
2020-08-24,269.9,271.94,263.47,267.43,267.43,1037300
2020-08-25,268.17,273.32,266.23,272.35,272.35,1316200
2020-08-26,272.86,272.86,268.82,271.29,271.29,857500
2020-08-27,272.95,275.63,269.72,274.34,274.34,961000
2020-08-28,272.94,275.26,268.1,269.96,269.96,813500
2020-08-29,272.08,276.75,268.73,273.01,273.01,979300
2020-08-30,271.21,278.25,269.37,276.07,276.07,1145100
2020-08-31,270.35,279.74,270.0,279.12,279.12,1310900
2020-09-01,277.87,279.96,271.77,275.49,275.49,1252800
2020-09-02,275.64,283.45,273.72,281.89,281.89,1352400
2020-09-03,281.86,281.86,265.25,267.42,267.42,1619600
2020-09-04,267.84,269.91,263.01,266.5,266.5,1514800
2020-09-05,266.32,268.64,261.76,264.53,264.53,1452250
2020-09-06,264.81,267.38,260.51,262.55,262.55,1389700
2020-09-07,263.29,266.11,259.25,260.58,260.58,1327150
2020-09-08,261.78,264.84,258.0,258.61,258.61,1264600
2020-09-09,261.11,264.36,259.04,263.04,263.04,1829100
2020-09-10,262.95,263.58,253.97,255.65,255.65,1231700
2020-09-11,257.84,262.08,255.77,257.96,257.96,1169700
2020-09-12,258.97,264.19,257.47,260.24,260.24,1179966
2020-09-13,260.11,266.29,259.17,262.52,262.52,1190233
2020-09-14,261.24,268.4,260.87,264.8,264.8,1200500
2020-09-15,266.77,267.88,264.24,266.85,266.85,1217100
2020-09-16,271.0,273.55,267.31,267.55,267.55,1387500
2020-09-17,258.98,273.24,258.82,271.46,271.46,1763600
2020-09-18,273.3,273.59,257.42,265.39,265.39,2179500
2020-09-19,270.25,270.71,258.04,264.93,264.93,1836500
2020-09-20,267.19,267.82,258.65,264.46,264.46,1493500
2020-09-21,264.14,264.94,259.27,264.0,264.0,1150500
2020-09-22,263.66,268.0,260.38,267.58,267.58,817500
2020-09-23,267.87,270.08,262.75,263.82,263.82,864300
2020-09-24,262.14,263.9,257.5,263.13,263.13,1422500
2020-09-25,264.1,268.91,260.52,268.18,268.18,1345800
2020-09-26,266.03,269.47,261.76,268.03,268.03,1264966
2020-09-27,267.97,270.02,262.99,267.88,267.88,1184133
2020-09-28,269.9,270.58,264.23,267.73,267.73,1103300
2020-09-29,267.82,271.68,266.38,270.31,270.31,891700
2020-09-30,271.33,274.66,269.46,272.12,272.12,1382800
2020-10-01,272.9,275.4,270.65,273.51,273.51,932500
2020-10-02,269.34,272.79,260.13,260.8,260.8,1339100
2020-10-03,267.18,271.55,260.65,263.53,263.53,1327033
2020-10-04,265.02,270.31,261.18,266.25,266.25,1314966
2020-10-05,262.86,269.07,261.7,268.98,268.98,1302900
2020-10-06,269.89,270.5,260.26,260.98,260.98,1022800
2020-10-07,263.18,266.5,262.1,265.82,265.82,764200
2020-10-08,267.16,268.92,264.91,268.53,268.53,777700
2020-10-09,268.87,270.08,266.24,269.95,269.95,877700
2020-10-10,270.29,272.5,267.35,271.5,271.5,1028866
2020-10-11,271.72,274.91,268.47,273.05,273.05,1180033
2020-10-12,273.14,277.33,269.58,274.6,274.6,1331200
2020-10-13,275.88,280.99,274.48,276.09,276.09,1087900
2020-10-14,275.19,275.75,269.79,271.46,271.46,1026800
2020-10-15,227.55,232.46,213.17,215.28,215.28,17493000
2020-10-16,217.79,225.0,217.19,218.08,218.08,5956100
2020-10-17,218.22,225.32,217.21,218.89,218.89,5233933
2020-10-18,218.65,225.65,217.23,219.7,219.7,4511766
2020-10-19,219.08,225.97,217.25,220.51,220.51,3789600
2020-10-20,222.0,222.62,214.48,214.54,214.54,2924300
2020-10-21,215.89,217.93,209.16,211.38,211.38,2775700
2020-10-22,210.37,214.74,208.23,210.08,210.08,2380500
2020-10-23,212.19,213.51,209.07,211.58,211.58,1715600
2020-10-24,211.38,212.52,207.66,210.1,210.1,1839566
2020-10-25,210.56,211.53,206.26,208.63,208.63,1963533
2020-10-26,209.75,210.54,204.85,207.15,207.15,2087500
2020-10-27,208.35,213.58,206.79,212.19,212.19,2756100
2020-10-28,212.0,214.24,208.25,208.34,208.34,2221200
2020-10-29,209.01,210.38,205.0,207.01,207.01,1930800
2020-10-30,205.93,211.64,203.51,208.36,208.36,2829400
2020-10-31,207.67,211.58,203.2,208.05,208.05,2512166
2020-11-01,209.4,211.51,202.88,207.73,207.73,2194933
2020-11-02,211.14,211.45,202.57,207.42,207.42,1877700
2020-11-03,208.92,214.88,208.0,211.14,211.14,1892000
2020-11-04,218.27,223.77,214.22,215.09,215.09,3778600
2020-11-05,220.08,220.92,216.22,219.48,219.48,2347200
2020-11-06,219.12,221.72,216.36,220.28,220.28,1707900
2020-11-07,220.88,224.17,218.07,221.14,221.14,1964700
2020-11-08,222.65,226.63,219.79,221.99,221.99,2221500
2020-11-09,224.41,229.08,221.5,222.85,222.85,2478300
2020-11-10,223.77,224.74,215.06,215.35,215.35,1917500
2020-11-11,217.12,218.8,213.65,216.72,216.72,1647200
2020-11-12,217.05,221.32,216.9,218.31,218.31,2143900
2020-11-13,222.28,227.27,219.64,225.52,225.52,1695100
2020-11-14,223.52,227.3,220.36,225.1,225.1,1699000
2020-11-15,224.75,227.33,221.07,224.69,224.69,1702900
2020-11-16,225.99,227.36,221.79,224.27,224.27,1706800
2020-11-17,222.72,223.43,218.23,222.96,222.96,1750500
2020-11-18,222.71,223.77,216.34,216.35,216.35,2500400
2020-11-19,216.42,218.14,211.4,211.97,211.97,2604100
2020-11-20,212.35,217.23,210.04,215.21,215.21,2239200
2020-11-21,213.83,217.58,211.41,216.1,216.1,2109800
2020-11-22,215.3,217.94,212.77,216.98,216.98,1980400
2020-11-23,216.78,218.29,214.14,217.87,217.87,1851000
2020-11-24,215.53,219.47,215.13,216.5,216.5,2179600
2020-11-25,217.87,220.54,215.84,218.1,218.1,2033300
2020-11-26,218.74,223.63,217.72,222.41,222.41,1543050
2020-11-27,219.61,226.72,219.61,226.71,226.71,1052800
2020-11-28,223.41,228.54,221.17,227.06,227.06,2230300
2020-11-29,227.2,230.35,222.74,227.4,227.4,3407800
2020-11-30,231.0,232.17,224.3,227.75,227.75,4585300
2020-12-01,227.47,230.56,226.02,230.3,230.3,1762000
2020-12-02,230.3,232.45,226.32,226.7,226.7,1864200
2020-12-03,226.0,229.05,224.71,226.87,226.87,1291600
2020-12-04,227.3,230.21,225.59,228.32,228.32,948900
2020-12-05,228.53,230.61,225.43,227.9,227.9,1039166
2020-12-06,229.77,231.02,225.28,227.48,227.48,1129433
2020-12-07,231.0,231.42,225.12,227.06,227.06,1219700
2020-12-08,228.81,230.2,225.4,229.83,229.83,1329800
2020-12-09,230.0,231.0,221.31,224.38,224.38,1992100
2020-12-10,224.81,224.89,221.7,224.04,224.04,1462600
2020-12-11,224.1,224.56,220.93,224.17,224.17,1476000
2020-12-12,225.0,227.53,222.76,225.49,225.49,1724066
2020-12-13,225.89,230.5,224.6,226.81,226.81,1972133
2020-12-14,226.79,233.47,226.43,228.13,228.13,2220200
2020-12-15,229.7,230.6,226.0,228.81,228.81,1188800
2020-12-16,229.66,232.75,228.55,232.11,232.11,1708700
2020-12-17,233.0,237.35,232.32,236.92,236.92,1992800
2020-12-18,238.54,239.71,234.47,236.72,236.72,2929300
2020-12-19,236.7,238.33,232.58,236.0,236.0,2475266
2020-12-20,234.86,236.96,230.69,235.27,235.27,2021233
2020-12-21,233.02,235.58,228.8,234.55,234.55,1567200
2020-12-22,235.01,235.8,232.35,234.9,234.9,1127800
2020-12-23,235.4,238.57,234.08,235.84,235.84,1012900
2020-12-24,237.17,237.5,233.48,234.46,234.46,451700
2020-12-25,236.73,237.24,233.16,233.96,233.96,564575
2020-12-26,236.28,236.99,232.84,233.47,233.47,677450
2020-12-27,235.84,236.73,232.52,232.97,232.97,790325
2020-12-28,235.4,236.48,232.2,232.47,232.47,903200
2020-12-29,233.94,236.56,232.96,233.49,233.49,656600
2020-12-30,235.0,237.01,232.07,232.68,232.68,819100
2020-12-31,232.35,237.5,230.33,236.34,236.34,1161100
2021-01-01,233.74,237.65,229.32,234.61,234.61,1400250
2021-01-02,235.13,237.79,228.3,232.88,232.88,1639400
2021-01-03,236.52,237.94,227.29,231.16,231.16,1878550
2021-01-04,237.91,238.08,226.27,229.43,229.43,2117700
2021-01-05,228.84,229.92,225.09,228.58,228.58,1730500
2021-01-06,225.1,227.51,222.31,226.65,226.65,2306700
2021-01-07,227.9,233.97,227.2,232.9,232.9,1503800
2021-01-08,233.86,237.76,233.01,237.0,237.0,1231200
2021-01-09,234.43,237.33,231.13,236.21,236.21,1575166
2021-01-10,235.01,236.9,229.26,235.43,235.43,1919133
2021-01-11,235.58,236.47,227.38,234.64,234.64,2263100
2021-01-12,234.8,238.26,228.74,229.38,229.38,1816900
2021-01-13,230.2,231.06,226.94,227.1,227.1,1809600
2021-01-14,228.22,228.4,224.7,226.12,226.12,1727800
2021-01-15,226.59,227.6,224.39,225.55,225.55,2241900
2021-01-16,226.69,229.17,224.12,227.14,227.14,2192625
2021-01-17,226.79,230.74,223.85,228.73,228.73,2143350
2021-01-18,226.9,232.31,223.58,230.32,230.32,2094075
2021-01-19,227.0,233.88,223.31,231.91,231.91,2044800
2021-01-20,233.29,239.36,231.18,236.7,236.7,1608800
2021-01-21,237.06,239.75,232.78,238.64,238.64,1624000
2021-01-22,237.25,241.83,236.99,237.59,237.59,1258200
2021-01-23,238.5,242.22,237.68,238.83,238.83,1448333
2021-01-24,239.74,242.6,238.36,240.07,240.07,1638466
2021-01-25,240.99,242.99,239.05,241.31,241.31,1828600
2021-01-26,240.43,241.98,236.24,237.64,237.64,1629200
2021-01-27,234.0,234.0,224.7,225.25,225.25,2546200
2021-01-28,226.8,234.96,226.57,230.04,230.04,1593500
2021-01-29,229.45,232.92,227.56,229.08,229.08,2029500
2021-01-30,229.97,232.74,227.1,229.98,229.98,1995633
2021-01-31,230.48,232.56,226.64,230.87,230.87,1961766
2021-02-01,231.0,232.38,226.18,231.77,231.77,1927900
2021-02-02,225.8,227.9,216.14,217.33,217.33,6292900
2021-02-03,218.42,219.09,210.99,211.0,211.0,3830200
2021-02-04,213.35,214.79,211.65,213.71,213.71,2908100
2021-02-05,214.5,217.55,212.26,215.26,215.26,2740500
2021-02-06,215.38,217.77,212.69,214.96,214.96,2540833
2021-02-07,216.25,218.0,213.11,214.67,214.67,2341166
2021-02-08,217.13,218.22,213.54,214.37,214.37,2141500
2021-02-09,214.45,215.59,212.57,213.82,213.82,1624900
2021-02-10,215.98,216.3,212.02,212.53,212.53,1863000
2021-02-11,212.48,212.89,209.72,210.5,210.5,1893700
2021-02-12,210.82,214.36,210.22,213.98,213.98,1798200
2021-02-13,211.57,214.37,209.82,213.05,213.05,1976075
2021-02-14,212.31,214.39,209.42,212.12,212.12,2153950
2021-02-15,213.06,214.4,209.01,211.2,211.2,2331825
2021-02-16,213.8,214.41,208.61,210.27,210.27,2509700
2021-02-17,209.58,215.0,208.5,214.85,214.85,2086700
2021-02-18,213.56,213.76,209.58,209.83,209.83,2126400
2021-02-19,210.0,211.73,206.79,207.02,207.02,2231200
2021-02-20,208.91,213.23,206.07,209.67,209.67,2711433
2021-02-21,207.81,214.72,205.34,212.31,212.31,3191666
2021-02-22,206.72,216.22,204.62,214.96,214.96,3671900
2021-02-23,215.2,217.69,211.67,216.44,216.44,2600900
2021-02-24,215.82,220.42,214.72,217.04,217.04,1775800
2021-02-25,215.8,217.4,210.5,212.98,212.98,1830600
2021-02-26,214.67,215.5,209.34,212.55,212.55,3083300
2021-02-27,214.01,214.9,209.35,211.83,211.83,2670533
2021-02-28,213.34,214.29,209.37,211.1,211.1,2257766
2021-03-01,212.68,213.69,209.38,210.38,210.38,1845000
2021-03-02,211.81,214.13,211.45,212.06,212.06,2491300
2021-03-03,212.0,213.28,208.06,208.44,208.44,2478400
2021-03-04,207.3,213.1,205.85,207.79,207.79,2273300
2021-03-05,208.23,212.6,206.39,211.98,211.98,1704700
2021-03-06,209.58,214.83,208.18,212.51,212.51,2278666
2021-03-07,210.92,217.07,209.97,213.05,213.05,2852633
2021-03-08,212.27,219.3,211.76,213.58,213.58,3426600
2021-03-09,217.29,219.13,213.86,214.04,214.04,2276700
2021-03-10,217.3,217.72,211.56,214.29,214.29,1938600
2021-03-11,214.71,217.68,214.31,215.15,215.15,1625500
2021-03-12,214.34,214.9,211.26,214.33,214.33,1162600
2021-03-13,214.13,216.55,212.0,216.1,216.1,1300966
2021-03-14,213.92,218.2,212.74,217.88,217.88,1439333
2021-03-15,213.71,219.85,213.48,219.65,219.65,1577700
2021-03-16,220.63,220.63,216.72,218.99,218.99,1367500
2021-03-17,217.16,217.88,214.15,217.08,217.08,1195500
2021-03-18,214.13,216.25,212.65,213.36,213.36,1620400
2021-03-19,214.44,216.93,213.28,216.11,216.11,2098600
2021-03-20,214.91,218.06,213.94,217.01,217.01,2043833
2021-03-21,215.37,219.2,214.59,217.92,217.92,1989066
2021-03-22,215.84,220.33,215.25,218.82,218.82,1934300
2021-03-23,219.83,219.85,212.11,213.59,213.59,1620700
2021-03-24,213.61,214.51,209.41,211.54,211.54,1522000
2021-03-25,213.16,213.6,209.71,212.36,212.36,2292300
2021-03-26,212.5,214.96,209.22,214.64,214.64,2848400
2021-03-27,212.98,216.13,210.22,215.33,215.33,2409433
2021-03-28,213.45,217.29,211.21,216.02,216.02,1970466
2021-03-29,213.93,218.46,212.21,216.71,216.71,1531500
2021-03-30,214.75,215.5,212.37,212.99,212.99,1272500
2021-03-31,213.38,216.06,212.87,214.89,214.89,1523300
2021-04-01,215.89,216.02,212.3,213.04,213.04,2071400
2021-04-02,215.51,215.92,212.52,213.61,213.61,2066050
2021-04-03,215.14,215.82,212.74,214.18,214.18,2060700
2021-04-04,214.76,215.71,212.96,214.75,214.75,2055350
2021-04-05,214.38,215.61,213.18,215.32,215.32,2050000
2021-04-06,215.5,216.46,213.15,215.3,215.3,1926000
2021-04-07,215.71,218.47,211.7,212.72,212.72,1515400
2021-04-08,214.18,216.05,209.95,210.28,210.28,2259400
2021-04-09,210.5,213.82,209.53,213.35,213.35,1533600
2021-04-10,211.23,214.03,210.09,213.43,213.43,1511733
2021-04-11,211.95,214.24,210.65,213.52,213.52,1489866
2021-04-12,212.68,214.45,211.21,213.6,213.6,1468000
2021-04-13,214.61,218.7,214.46,215.94,215.94,1628700
2021-04-14,216.16,220.25,216.16,217.13,217.13,1564700
2021-04-15,218.52,222.35,218.0,221.1,221.1,1686500
2021-04-16,222.34,222.78,219.24,219.39,219.39,1917500
2021-04-17,221.85,222.72,218.88,219.32,219.32,1781966
2021-04-18,221.35,222.65,218.51,219.25,219.25,1646433
2021-04-19,220.86,222.59,218.15,219.18,219.18,1510900
2021-04-20,218.84,222.0,218.15,220.16,220.16,1370500
2021-04-21,220.79,221.48,217.82,219.76,219.76,1173400
2021-04-22,217.11,218.93,214.0,215.98,215.98,1777600
2021-04-23,217.07,218.81,215.77,217.9,217.9,1205100
2021-04-24,217.29,218.63,215.33,217.59,217.59,1237866
2021-04-25,217.52,218.46,214.9,217.28,217.28,1270633
2021-04-26,217.74,218.28,214.46,216.97,216.97,1303400
2021-04-27,217.1,218.15,215.0,215.53,215.53,1223900
2021-04-28,215.68,215.72,212.81,213.48,213.48,1426800
2021-04-29,213.6,213.8,210.27,211.86,211.86,1656000
2021-04-30,213.34,221.41,213.0,218.2,218.2,2592700
2021-05-01,214.65,220.84,214.23,218.12,218.12,2184133
2021-05-02,215.96,220.26,215.47,218.03,218.03,1775566
2021-05-03,217.27,219.69,216.7,217.95,217.95,1367000
2021-05-04,217.54,217.54,211.76,214.85,214.85,1772600
2021-05-05,214.85,215.84,213.24,213.87,213.87,1254800
2021-05-06,212.25,213.58,211.06,213.16,213.16,1184100
2021-05-07,214.36,216.77,213.81,215.01,215.01,1232000
2021-05-08,214.78,216.61,213.46,214.31,214.31,1244566
2021-05-09,215.21,216.44,213.1,213.6,213.6,1257133
2021-05-10,215.63,216.28,212.75,212.9,212.9,1269700
2021-05-11,211.8,214.02,211.39,213.0,213.0,1330200
2021-05-12,212.06,215.67,211.74,212.68,212.68,1198000
2021-05-13,212.69,215.02,212.33,214.35,214.35,1077100
2021-05-14,215.1,218.18,213.29,217.09,217.09,1428200
2021-05-15,215.27,218.0,213.79,216.84,216.84,1263133
2021-05-16,215.45,217.83,214.3,216.6,216.6,1098066
2021-05-17,215.62,217.65,214.8,216.35,216.35,933000
2021-05-18,216.9,218.06,214.38,214.65,214.65,1336900
2021-05-19,213.2,214.18,211.0,214.05,214.05,1117400
2021-05-20,213.93,218.97,213.4,216.61,216.61,1417500
2021-05-21,217.29,218.42,213.0,213.43,213.43,1618800
2021-05-22,216.53,217.51,212.33,212.69,212.69,1580966
2021-05-23,215.78,216.61,211.66,211.96,211.96,1543133
2021-05-24,215.02,215.7,210.99,211.22,211.22,1505300
2021-05-25,211.41,212.06,207.48,208.76,208.76,1707200
2021-05-26,209.63,209.63,206.14,206.8,206.8,1485000
2021-05-27,207.04,207.44,204.62,207.31,207.31,2194900
2021-05-28,208.78,211.78,208.3,208.63,208.63,1724900
2021-05-29,208.96,211.38,208.03,208.89,208.89,1745850
2021-05-30,209.14,210.99,207.75,209.15,209.15,1766800
2021-05-31,209.31,210.59,207.47,209.41,209.41,1787750
2021-06-01,209.49,210.2,207.2,209.67,209.67,1808700
2021-06-02,210.0,212.21,208.45,210.38,210.38,1559000
2021-06-03,209.04,211.48,208.5,211.15,211.15,1447600
2021-06-04,211.68,212.98,209.39,209.93,209.93,1601800
2021-06-05,211.31,212.51,209.13,209.67,209.67,1820833
2021-06-06,210.95,212.04,208.88,209.42,209.42,2039866
2021-06-07,210.58,211.57,208.62,209.16,209.16,2258900
2021-06-08,210.7,213.17,209.13,211.13,211.13,1917200
2021-06-09,212.0,215.47,211.55,213.56,213.56,1599900
2021-06-10,213.82,217.26,211.28,216.77,216.77,2623200
2021-06-11,194.04,200.05,192.88,193.02,193.02,13725100
2021-06-12,194.58,198.81,192.8,193.61,193.61,10283133
2021-06-13,195.12,197.56,192.71,194.21,194.21,6841166
2021-06-14,195.66,196.32,192.63,194.8,194.8,3399200
2021-06-15,195.91,196.0,188.01,188.97,188.97,4608900
2021-06-16,189.57,192.55,187.2,187.49,187.49,2796400
2021-06-17,187.49,189.17,185.64,188.36,188.36,4314200
2021-06-18,188.52,188.84,185.88,187.85,187.85,3517900
2021-06-19,188.38,189.51,186.41,187.8,187.8,3021000
2021-06-20,188.25,190.18,186.95,187.75,187.75,2524100
2021-06-21,188.11,190.85,187.48,187.7,187.7,2027200
2021-06-22,188.13,188.94,185.33,188.87,188.87,1879500
2021-06-23,188.19,189.78,187.09,187.52,187.52,1930600
2021-06-24,188.6,193.28,188.29,191.94,191.94,2482100
2021-06-25,192.0,194.78,191.02,194.34,194.34,5671600
2021-06-26,193.67,196.1,192.15,195.5,195.5,4715700
2021-06-27,195.33,197.41,193.29,196.66,196.66,3759800
2021-06-28,197.0,198.73,194.42,197.82,197.82,2803900
2021-06-29,197.34,198.8,196.57,196.78,196.78,2645900
2021-06-30,196.82,202.22,196.21,201.63,201.63,2572900
2021-07-01,201.26,202.43,199.86,202.21,202.21,2551800
2021-07-02,203.19,203.24,200.31,200.54,200.54,1402300
2021-07-03,202.76,202.91,200.22,200.42,200.42,1538550
2021-07-04,202.33,202.57,200.14,200.29,200.29,1674800
2021-07-05,201.9,202.23,200.06,200.17,200.17,1811050
2021-07-06,201.47,201.9,199.97,200.05,200.05,1947300
2021-07-07,199.79,200.44,197.21,198.99,198.99,2308500
2021-07-08,197.4,198.99,196.3,197.74,197.74,1806700
2021-07-09,197.55,198.71,196.43,198.16,198.16,948300
2021-07-10,197.7,198.63,196.69,198.22,198.22,1323833
2021-07-11,197.85,198.54,196.94,198.28,198.28,1699366
2021-07-12,198.0,198.46,197.2,198.34,198.34,2074900
2021-07-13,198.16,200.44,197.36,198.33,198.33,1685900
2021-07-14,197.51,199.02,195.75,197.89,197.89,1655000
2021-07-15,196.79,200.16,195.85,200.09,200.09,2452800
2021-07-16,200.6,204.46,199.26,202.28,202.28,3066500
2021-07-17,201.12,204.39,198.95,201.27,201.27,2676833
2021-07-18,201.64,204.33,198.64,200.25,200.25,2287166
2021-07-19,202.16,204.26,198.33,199.24,199.24,1897500
2021-07-20,195.0,196.99,193.88,196.55,196.55,3487800
2021-07-21,196.08,197.21,194.45,196.27,196.27,1382600
2021-07-22,195.4,196.57,195.0,196.02,196.02,1295100
2021-07-23,196.72,203.52,195.5,200.5,200.5,2887400
2021-07-24,197.62,203.15,196.42,199.98,199.98,3261833
2021-07-25,198.53,202.78,197.34,199.45,199.45,3636266
2021-07-26,199.43,202.41,198.26,198.93,198.93,4010700
2021-07-27,199.85,203.1,198.66,202.85,202.85,1822500
2021-07-28,202.85,204.88,201.05,202.24,202.24,1258500
2021-07-29,202.73,202.94,198.83,200.38,200.38,1397000
2021-07-30,201.54,203.46,197.31,201.58,201.58,2132900
2021-07-31,201.24,202.73,197.36,200.49,200.49,2358466
2021-08-01,200.95,202.0,197.4,199.41,199.41,2584033
2021-08-02,200.65,201.27,197.45,198.32,198.32,2809600
2021-08-03,198.59,200.71,198.03,200.05,200.05,2060100
2021-08-04,200.0,202.0,199.11,199.59,199.59,2612200
2021-08-05,200.26,203.13,199.73,202.99,202.99,1975500
2021-08-06,202.99,204.0,200.53,200.67,200.67,1542200
2021-08-07,202.45,203.18,199.9,200.58,200.58,1799600
2021-08-08,201.92,202.36,199.26,200.49,200.49,2057000
2021-08-09,201.38,201.54,198.63,200.4,200.4,2314400
2021-08-10,200.5,200.66,195.34,196.46,196.46,2891700
2021-08-11,196.82,199.28,194.53,195.25,195.25,4204300
2021-08-12,195.72,196.35,193.88,194.81,194.81,3580200
2021-08-13,195.0,195.71,193.7,194.36,194.36,3231900
2021-08-14,194.89,195.46,192.34,193.23,193.23,3337566
2021-08-15,194.78,195.2,190.97,192.1,192.1,3443233
2021-08-16,194.67,194.95,189.61,190.97,190.97,3548900
2021-08-17,189.47,198.59,188.84,198.44,198.44,2082200
2021-08-18,198.72,198.72,194.68,194.77,194.77,1120200
2021-08-19,194.3,197.92,194.3,195.04,195.04,1140900
2021-08-20,195.6,198.61,194.3,195.85,195.85,974700
2021-08-21,196.16,199.24,194.91,196.7,196.7,1025066
2021-08-22,196.71,199.87,195.53,197.55,197.55,1075433
2021-08-23,197.27,200.5,196.14,198.4,198.4,1125800
2021-08-24,198.82,200.16,196.68,199.73,199.73,880100
2021-08-25,199.59,202.17,198.09,201.33,201.33,1192700
2021-08-26,200.94,202.74,197.91,198.25,198.25,1134700
2021-08-27,198.15,202.77,195.85,199.92,199.92,1290000
2021-08-28,198.53,202.37,196.8,199.78,199.78,1233200
2021-08-29,198.92,201.96,197.75,199.63,199.63,1176400
2021-08-30,199.3,201.56,198.7,199.49,199.49,1119600
2021-08-31,200.21,200.35,198.15,200.29,200.29,1889700
2021-09-01,200.62,202.55,196.35,197.14,197.14,1450700
2021-09-02,198.06,199.8,196.6,199.22,199.22,1240100
2021-09-03,198.5,199.18,196.66,198.05,198.05,985400
2021-09-04,197.92,198.65,195.5,196.59,196.59,1167550
2021-09-05,197.35,198.11,194.33,195.12,195.12,1349700
2021-09-06,196.77,197.58,193.17,193.66,193.66,1531850
2021-09-07,196.2,197.05,192.0,192.2,192.2,1714000
2021-09-08,191.81,193.4,191.06,191.37,191.37,940300
2021-09-09,189.42,190.2,188.05,188.09,188.09,1449900
2021-09-10,188.17,190.15,186.15,188.57,188.57,1375500
2021-09-11,188.8,191.18,187.3,189.29,189.29,1241233
2021-09-12,189.44,192.22,188.46,190.0,190.0,1106966
2021-09-13,190.07,193.25,189.61,190.72,190.72,972700
2021-09-14,190.86,191.75,188.21,188.41,188.41,960700
2021-09-15,188.47,190.6,188.42,188.86,188.86,1599100
2021-09-16,188.85,189.54,185.44,187.1,187.1,1548200
2021-09-17,186.24,188.54,184.78,188.3,188.3,2214200
2021-09-18,186.46,188.66,184.88,187.42,187.42,2100933
2021-09-19,186.67,188.77,184.97,186.55,186.55,1987666
2021-09-20,186.89,188.89,185.07,185.67,185.67,1874400
2021-09-21,186.17,187.49,185.11,185.8,185.8,913500
2021-09-22,186.12,186.44,182.6,184.27,184.27,1376000
2021-09-23,184.62,186.5,184.5,185.09,185.09,1076300
2021-09-24,185.3,185.3,181.98,183.61,183.61,1159800
2021-09-25,184.6,184.88,181.8,183.54,183.54,1263166
2021-09-26,183.9,184.47,181.63,183.48,183.48,1366533
2021-09-27,183.2,184.05,181.45,183.41,183.41,1469900
2021-09-28,182.4,183.32,180.02,181.6,181.6,1589100
2021-09-29,182.17,184.25,181.96,182.22,182.22,1100800
2021-09-30,182.48,184.21,181.37,181.39,181.39,1322100
2021-10-01,180.16,181.15,178.35,180.35,180.35,1355800
2021-10-02,179.77,181.1,177.91,179.37,179.37,1453166
2021-10-03,179.39,181.05,177.48,178.38,178.38,1550533
2021-10-04,179.0,181.0,177.04,177.4,177.4,1647900
2021-10-05,177.5,179.4,176.92,177.01,177.01,1802600
2021-10-06,177.01,182.58,176.36,180.91,180.91,1723000
2021-10-07,180.91,182.0,179.72,180.02,180.02,1287300
2021-10-08,180.27,181.02,178.58,178.94,178.94,1157800
2021-10-09,179.92,181.02,178.46,179.15,179.15,1282866
2021-10-10,179.58,181.02,178.33,179.37,179.37,1407933
2021-10-11,179.23,181.02,178.21,179.58,179.58,1533000
2021-10-12,181.51,181.51,179.31,180.21,180.21,1425000
2021-10-13,180.22,182.5,180.22,181.34,181.34,1088900
2021-10-14,182.14,184.19,181.33,181.9,181.9,1913400
2021-10-15,182.48,183.15,181.0,181.77,181.77,1409200
2021-10-16,182.49,183.0,179.9,181.45,181.45,1718100
2021-10-17,182.49,182.85,178.81,181.12,181.12,2027000
2021-10-18,182.5,182.7,177.71,180.8,180.8,2335900
2021-10-19,182.06,185.6,181.11,185.41,185.41,2011200
2021-10-20,185.99,187.88,185.08,185.49,185.49,1623500
2021-10-21,185.54,187.2,184.34,187.09,187.09,1629100
2021-10-22,186.77,187.15,182.88,183.52,183.52,1945200
2021-10-23,185.69,186.81,182.76,184.01,184.01,1624333
2021-10-24,184.6,186.48,182.63,184.5,184.5,1303466
2021-10-25,183.52,186.14,182.51,184.99,184.99,982600
2021-10-26,185.02,186.58,183.95,184.07,184.07,1003400
2021-10-27,184.39,184.96,180.4,180.94,180.94,1217100
2021-10-28,181.19,183.83,181.01,182.0,182.0,1356700
2021-10-29,181.93,185.91,180.67,184.93,184.93,1567900
2021-10-30,182.68,186.19,181.58,185.09,185.09,1436166
2021-10-31,183.43,186.46,182.5,185.24,185.24,1304433
2021-11-01,184.18,186.74,183.41,185.4,185.4,1172700
2021-11-02,185.66,185.66,180.71,181.4,181.4,2317300
2021-11-03,187.5,190.75,184.1,189.07,189.07,3917500
2021-11-04,189.1,194.41,188.3,194.21,194.21,3469200
2021-11-05,193.76,195.23,191.48,192.85,192.85,2231700
2021-11-06,193.5,194.97,191.2,192.64,192.64,1936366
2021-11-07,193.25,194.72,190.92,192.44,192.44,1641033
2021-11-08,192.99,194.46,190.64,192.23,192.23,1345700
2021-11-09,192.23,193.41,190.31,191.09,191.09,1727500
2021-11-10,191.01,192.61,187.51,187.91,187.91,1340200
2021-11-11,188.0,188.15,185.1,185.87,185.87,1146200
2021-11-12,187.01,187.79,186.03,187.29,187.29,940200
2021-11-13,187.1,187.83,186.06,187.15,187.15,961200
2021-11-14,187.2,187.88,186.08,187.0,187.0,982200
2021-11-15,187.29,187.92,186.11,186.86,186.86,1003200
2021-11-16,186.45,188.87,185.58,188.33,188.33,1372000
2021-11-17,188.63,198.53,187.12,188.25,188.25,2691200
2021-11-18,188.25,189.48,184.89,185.41,185.41,1594400
2021-11-19,184.82,185.22,181.02,182.88,182.88,1587700
2021-11-20,184.1,184.7,180.73,182.42,182.42,1449700
2021-11-21,183.37,184.17,180.44,181.96,181.96,1311700
2021-11-22,182.65,183.65,180.15,181.5,181.5,1173700
2021-11-23,181.05,187.07,179.96,186.85,186.85,2159400
2021-11-24,187.26,188.33,184.71,186.24,186.24,3086800
2021-11-25,187.29,189.07,183.69,184.92,184.92,2107100
2021-11-26,187.33,189.8,182.66,183.59,183.59,1127400
2021-11-27,187.37,190.65,183.59,185.76,185.76,1685600
2021-11-28,187.41,191.51,184.53,187.94,187.94,2243800
2021-11-29,187.45,192.36,185.46,190.11,190.11,2802000
2021-11-30,189.5,192.62,186.26,186.94,186.94,3988600
2021-12-01,195.59,205.85,194.1,205.0,205.0,7044400
2021-12-02,201.82,208.16,201.51,204.45,204.45,3378100
2021-12-03,205.78,206.43,202.0,203.81,203.81,2870200
2021-12-04,205.1,206.58,202.35,204.23,204.23,2568400
2021-12-05,204.41,206.73,202.69,204.64,204.64,2266600
2021-12-06,203.73,206.88,203.04,205.06,205.06,1964800
2021-12-07,205.54,205.73,203.13,205.22,205.22,1949300
2021-12-08,205.71,206.88,203.73,206.61,206.61,1296500
2021-12-09,207.96,209.0,205.85,208.41,208.41,1734000
2021-12-10,206.7,208.42,204.11,208.06,208.06,1371300
2021-12-11,207.3,208.57,204.45,208.09,208.09,1473433
2021-12-12,207.89,208.72,204.8,208.12,208.12,1575566
2021-12-13,208.49,208.87,205.14,208.15,208.15,1677700
2021-12-14,208.28,209.99,206.9,209.24,209.24,1370100
2021-12-15,209.05,211.53,206.98,211.13,211.13,1500200
2021-12-16,212.05,214.23,211.11,212.61,212.61,1964600
2021-12-17,211.53,218.32,210.35,214.54,214.54,4586500
2021-12-18,212.99,217.68,211.32,214.83,214.83,3601533
2021-12-19,214.46,217.03,212.28,215.12,215.12,2616566
2021-12-20,215.92,216.39,213.25,215.41,215.41,1631600
2021-12-21,216.25,218.81,215.66,218.6,218.6,1860400
2021-12-22,218.6,223.1,218.27,222.77,222.77,1436300
2021-12-23,222.77,224.4,221.45,223.45,223.45,1210100
2021-12-24,222.91,224.35,221.22,223.17,223.17,1425925
2021-12-25,223.06,224.3,220.99,222.89,222.89,1641750
2021-12-26,223.2,224.25,220.75,222.62,222.62,1857575
2021-12-27,223.34,224.2,220.52,222.34,222.34,2073400
2021-12-28,222.42,223.13,220.24,221.93,221.93,1066900
2021-12-29,221.93,223.95,221.22,223.32,223.32,726200
2021-12-30,222.8,224.49,222.16,222.45,222.45,961500
2021-12-31,222.63,223.5,219.04,219.6,219.6,1142000
2022-01-01,221.21,223.2,217.58,220.58,220.58,1222033
2022-01-02,219.8,222.89,216.12,221.55,221.55,1302066
2022-01-03,218.38,222.59,214.66,222.53,222.53,1382100
2022-01-04,220.73,222.7,219.11,221.86,221.86,1384900
2022-01-05,222.2,224.89,220.69,221.42,221.42,1685700
2022-01-06,221.82,223.99,221.01,221.65,221.65,1592900
2022-01-07,220.78,223.98,220.0,221.85,221.85,1277400
2022-01-08,221.49,224.61,219.7,222.55,222.55,1466433
2022-01-09,222.2,225.24,219.4,223.26,223.26,1655466
2022-01-10,222.91,225.87,219.1,223.96,223.96,1844500
2022-01-11,224.2,226.91,222.14,226.15,226.15,1458900
2022-01-12,225.09,227.19,223.68,226.14,226.14,1225000
2022-01-13,225.23,228.12,225.17,226.58,226.58,1750400
2022-01-14,227.0,234.58,226.59,234.06,234.06,2178400
2022-01-15,228.11,234.06,227.13,233.31,233.31,2137900
2022-01-16,229.21,233.54,227.67,232.57,232.57,2097400
2022-01-17,230.32,233.01,228.2,231.82,231.82,2056900
2022-01-18,231.43,232.49,228.74,231.07,231.07,2016400
2022-01-19,231.4,232.66,230.41,230.84,230.84,1649300
2022-01-20,233.47,234.41,228.2,228.61,228.61,2013100
2022-01-21,228.13,231.11,227.26,228.08,228.08,2214700
2022-01-22,227.13,230.72,225.4,228.61,228.61,2416100
2022-01-23,226.13,230.34,223.55,229.15,229.15,2617500
2022-01-24,225.13,229.95,221.69,229.68,229.68,2818900
2022-01-25,226.09,229.63,223.66,227.11,227.11,1956300
2022-01-26,226.62,229.81,225.01,226.58,226.58,1998900
2022-01-27,228.99,233.69,226.89,228.22,228.22,2237000
2022-01-28,227.29,243.3,227.18,243.02,243.02,3164300
2022-01-29,231.82,243.67,231.17,243.03,243.03,3052533
2022-01-30,236.34,244.04,235.17,243.04,243.04,2940766
2022-01-31,240.87,244.41,239.16,243.05,243.05,2829000
2022-02-01,242.39,245.77,241.51,245.66,245.66,2777100
2022-02-02,243.58,254.93,241.0,253.57,253.57,3679900
2022-02-03,250.16,250.16,243.54,243.75,243.75,2519800
2022-02-04,241.27,244.63,238.48,241.96,241.96,1822400
2022-02-05,241.95,244.69,239.39,242.39,242.39,1615900
2022-02-06,242.64,244.75,240.31,242.83,242.83,1409400
2022-02-07,243.32,244.81,241.22,243.26,243.26,1202900
2022-02-08,242.36,243.0,239.23,240.94,240.94,1135700
2022-02-09,242.52,245.61,241.51,244.24,244.24,1069900
2022-02-10,238.39,241.01,234.46,235.89,235.89,1809500
2022-02-11,236.55,237.34,233.17,233.89,233.89,1524400
2022-02-12,235.62,236.23,231.87,233.0,233.0,1542300
2022-02-13,234.68,235.11,230.56,232.12,232.12,1560200
2022-02-14,233.75,234.0,229.26,231.23,231.23,1578100
2022-02-15,231.88,233.87,231.29,233.41,233.41,1583900
2022-02-16,233.46,236.89,231.56,235.77,235.77,1402200
2022-02-17,233.85,234.95,230.06,232.77,232.77,1665300
2022-02-18,233.0,233.89,228.55,229.61,229.61,1271200
2022-02-19,232.05,233.67,228.72,229.76,229.76,1376400
2022-02-20,231.11,233.46,228.88,229.91,229.91,1481600
2022-02-21,230.16,233.24,229.05,230.06,230.06,1586800
2022-02-22,229.21,233.03,229.21,230.21,230.21,1692000
2022-02-23,231.7,233.53,229.2,230.69,230.69,1817100
2022-02-24,227.7,230.43,225.28,230.25,230.25,1475200
2022-02-25,229.46,233.16,228.04,230.3,230.3,1428100
2022-02-26,228.97,232.15,227.42,230.21,230.21,1630633
2022-02-27,228.48,231.14,226.8,230.11,230.11,1833166
2022-02-28,227.99,230.13,226.18,230.02,230.02,2035700
2022-03-01,229.19,232.52,228.5,230.69,230.69,1253800
2022-03-02,230.18,235.5,229.4,234.11,234.11,1029100
2022-03-03,234.93,238.53,234.74,235.69,235.69,1140600
2022-03-04,233.4,243.18,233.04,238.66,238.66,2032800
2022-03-05,234.75,242.95,233.71,237.62,237.62,1871200
2022-03-06,236.11,242.73,234.38,236.58,236.58,1709600
2022-03-07,237.46,242.5,235.05,235.54,235.54,1548000
2022-03-08,233.09,242.9,232.97,238.71,238.71,1460200
2022-03-09,240.51,240.74,236.35,239.24,239.24,1378900
2022-03-10,235.16,242.91,234.54,241.93,241.93,1080100
2022-03-11,242.6,247.49,236.13,236.48,236.48,1374000
2022-03-12,241.64,245.81,236.97,238.21,238.21,1387633
2022-03-13,240.68,244.13,237.82,239.95,239.95,1401266
2022-03-14,239.72,242.45,238.66,241.68,241.68,1414900
2022-03-15,243.93,247.47,243.52,246.99,246.99,1600800
2022-03-16,246.36,248.8,243.01,248.52,248.52,1181900
2022-03-17,248.2,251.33,247.37,250.0,250.0,1418700
2022-03-18,250.13,250.13,246.22,249.08,249.08,2225300
2022-03-19,249.43,250.82,246.39,249.47,249.47,2080233
2022-03-20,248.73,251.5,246.56,249.87,249.87,1935166
2022-03-21,248.03,252.19,246.73,250.26,250.26,1790100
2022-03-22,249.13,252.19,248.5,251.88,251.88,1052600
2022-03-23,251.29,252.08,247.94,248.13,248.13,1241600
2022-03-24,249.31,253.51,249.31,251.7,251.7,1040400
2022-03-25,252.0,254.15,250.49,253.95,253.95,1226600
2022-03-26,252.61,255.52,251.26,254.54,254.54,1380033
2022-03-27,253.22,256.88,252.03,255.13,255.13,1533466
2022-03-28,253.83,258.25,252.8,255.72,255.72,1686900
2022-03-29,256.11,258.0,252.52,257.98,257.98,1644000
2022-03-30,258.81,260.1,255.98,256.52,256.52,1040000
2022-03-31,260.0,263.58,256.09,260.97,260.97,2394900
2022-04-01,261.55,267.13,259.04,266.15,266.15,2120500
2022-04-02,263.31,267.85,260.92,266.98,266.98,1975700
2022-04-03,265.08,268.58,262.81,267.81,267.81,1830900
2022-04-04,266.84,269.3,264.69,268.64,268.64,1686100
2022-04-05,267.96,275.88,267.96,269.96,269.96,1838000
2022-04-06,266.75,273.04,266.62,272.39,272.39,2300100
2022-04-07,272.39,277.66,271.8,275.83,275.83,1651800
2022-04-08,274.41,281.5,273.2,280.28,280.28,1574500
2022-04-09,276.23,281.91,275.06,280.55,280.55,1700300
2022-04-10,278.04,282.32,276.93,280.82,280.82,1826100
2022-04-11,279.86,282.73,278.79,281.09,281.09,1951900
2022-04-12,280.95,284.77,278.99,281.15,281.15,1621800
2022-04-13,281.59,291.44,281.59,290.93,290.93,1685900
2022-04-14,289.32,292.75,286.08,287.97,287.97,2520600
2022-04-15,288.91,291.53,285.0,286.72,286.72,2221950
2022-04-16,288.5,290.3,283.91,285.48,285.48,1923300
2022-04-17,288.08,289.08,282.83,284.23,284.23,1624650
2022-04-18,287.67,287.86,281.75,282.99,282.99,1326000
2022-04-19,282.99,284.31,279.59,282.52,282.52,1354100
2022-04-20,284.34,286.88,282.77,285.3,285.3,1115800
2022-04-21,286.0,286.8,281.45,281.71,281.71,1118600
2022-04-22,280.58,281.84,270.19,270.42,270.42,1774300
2022-04-23,277.05,278.73,268.75,270.84,270.84,1745766
2022-04-24,273.53,275.61,267.31,271.26,271.26,1717233
2022-04-25,270.0,272.5,265.87,271.68,271.68,1688700
2022-04-26,271.07,272.23,267.39,267.69,267.69,1446500
2022-04-27,267.33,269.39,264.81,267.25,267.25,1240000
2022-04-28,268.57,269.3,262.22,268.64,268.64,1620700
2022-04-29,275.0,279.71,272.63,273.22,273.22,2871500
2022-04-30,271.38,275.2,266.45,269.47,269.47,3163900
2022-05-01,267.77,270.7,260.27,265.71,265.71,3456300
2022-05-02,264.15,266.19,254.09,261.96,261.96,3748700
2022-05-03,266.55,271.25,265.58,269.11,269.11,1363500
2022-05-04,269.34,275.26,266.24,273.7,273.7,1353400
2022-05-05,271.69,273.59,264.59,266.37,266.37,1556900
2022-05-06,256.32,261.68,252.69,253.93,253.93,2268500
2022-05-07,254.55,258.12,246.59,247.63,247.63,2561933
2022-05-08,252.77,254.56,240.5,241.32,241.32,2855366
2022-05-09,251.0,251.0,234.4,235.02,235.02,3148800
2022-05-10,239.58,244.1,237.41,240.16,240.16,2041500
2022-05-11,237.85,241.75,233.01,234.96,234.96,1905900
2022-05-12,236.55,241.05,233.62,240.85,240.85,1475400
2022-05-13,241.22,247.54,240.25,246.72,246.72,1366600
2022-05-14,242.76,249.93,241.7,249.2,249.2,1430466
2022-05-15,244.31,252.32,243.16,251.69,251.69,1494333
2022-05-16,245.85,254.71,244.61,254.17,254.17,1558200
2022-05-17,255.82,262.95,254.67,261.84,261.84,1566800
2022-05-18,260.59,262.08,251.41,252.35,252.35,1397000
2022-05-19,252.55,257.15,250.38,255.45,255.45,1448800
2022-05-20,256.61,259.1,252.51,258.59,258.59,1552300
2022-05-21,257.76,262.83,254.74,261.84,261.84,1592866
2022-05-22,258.9,266.55,256.96,265.1,265.1,1633433
2022-05-23,260.05,270.28,259.19,268.35,268.35,1674000
2022-05-24,265.51,270.98,263.78,268.48,268.48,1622100
2022-05-25,269.7,273.19,267.82,270.84,270.84,1880700
2022-05-26,270.84,274.17,268.87,269.65,269.65,1376600
2022-05-27,271.15,273.86,268.93,273.73,273.73,1479100
2022-05-28,271.87,274.39,268.31,272.46,272.46,2078975
2022-05-29,272.59,274.93,267.7,271.19,271.19,2678850
2022-05-30,273.31,275.46,267.08,269.92,269.92,3278725
2022-05-31,274.03,276.0,266.47,268.65,268.65,3878600
2022-06-01,275.33,275.56,266.18,269.41,269.41,1377600
2022-06-02,268.58,270.96,260.66,270.05,270.05,1234700
2022-06-03,268.62,272.46,266.29,269.44,269.44,1134000
2022-06-04,269.56,272.31,266.4,268.96,268.96,1058366
2022-06-05,270.5,272.17,266.5,268.48,268.48,982733
2022-06-06,271.44,272.02,266.61,268.0,268.0,907100
2022-06-07,267.22,272.91,265.63,271.86,271.86,962800
2022-06-08,272.2,279.13,271.5,274.54,274.54,1770200
2022-06-09,273.17,273.17,259.65,259.7,259.7,1954400
2022-06-10,256.51,258.0,252.87,254.88,254.88,1375600
2022-06-11,254.61,255.63,249.96,251.72,251.72,1444933
2022-06-12,252.71,253.26,247.04,248.55,248.55,1514266
2022-06-13,250.81,250.89,244.13,245.39,245.39,1583600
2022-06-14,246.33,249.44,243.17,249.08,249.08,1208800
2022-06-15,250.8,256.22,248.27,253.51,253.51,963000
2022-06-16,248.49,251.45,245.32,250.96,250.96,1296000
2022-06-17,251.07,264.9,251.0,263.09,263.09,3443700
2022-06-18,254.86,266.66,254.75,264.86,264.86,2916225
2022-06-19,258.65,268.41,258.49,266.63,266.63,2388750
2022-06-20,262.43,270.17,262.24,268.4,268.4,1861275
2022-06-21,266.22,271.93,265.98,270.17,270.17,1333800
2022-06-22,266.96,276.0,266.44,272.31,272.31,1403200
2022-06-23,275.0,284.51,274.2,283.5,283.5,2746000
2022-06-24,286.26,293.17,280.28,292.55,292.55,4269000
2022-06-25,287.44,292.49,282.42,290.81,290.81,3504866
2022-06-26,288.63,291.82,284.57,289.06,289.06,2740733
2022-06-27,289.81,291.14,286.71,287.32,287.32,1976600
2022-06-28,288.45,289.41,275.97,276.17,276.17,1926400
2022-06-29,275.83,282.29,275.83,280.35,280.35,1430100
2022-06-30,277.05,284.62,276.76,281.79,281.79,1872800
2022-07-01,280.17,287.86,279.42,287.32,287.32,1459700
2022-07-02,281.61,288.38,280.69,287.74,287.74,1556025
2022-07-03,283.05,288.9,281.96,288.15,288.15,1652350
2022-07-04,284.48,289.43,283.23,288.57,288.57,1748675
2022-07-05,285.92,289.95,284.5,288.98,288.98,1845000
2022-07-06,290.14,293.62,288.27,291.16,291.16,2082200
2022-07-07,289.77,294.96,287.79,294.17,294.17,1791000
2022-07-08,291.36,295.74,291.03,294.29,294.29,1307800
2022-07-09,292.24,296.11,290.02,294.22,294.22,1365566
2022-07-10,293.12,296.47,289.01,294.14,294.14,1423333
2022-07-11,294.0,296.84,288.0,294.07,294.07,1481100
2022-07-12,293.0,293.88,282.91,290.01,290.01,1363300
2022-07-13,288.98,294.6,287.88,288.73,288.73,1053900
2022-07-14,285.61,286.92,282.25,286.15,286.15,1034600
2022-07-15,286.08,293.53,284.93,292.84,292.84,2711700
2022-07-16,288.34,294.28,285.04,290.58,290.58,2337433
2022-07-17,290.61,295.02,285.16,288.32,288.32,1963166
2022-07-18,292.87,295.77,285.27,286.06,286.06,1588900
2022-07-19,290.0,290.13,286.02,289.6,289.6,1362100
2022-07-20,288.7,290.95,283.72,285.5,285.5,1046000
2022-07-21,285.79,286.96,281.06,283.11,283.11,1040000
2022-07-22,284.55,288.14,278.73,280.29,280.29,1197200
2022-07-23,283.7,286.71,278.79,281.42,281.42,1184300
2022-07-24,282.85,285.27,278.84,282.55,282.55,1171400
2022-07-25,282.0,283.84,278.9,283.68,283.68,1158500
2022-07-26,284.14,290.73,283.7,288.22,288.22,1534000
2022-07-27,286.27,288.21,280.77,286.99,286.99,1210700
2022-07-28,287.54,288.0,276.24,280.82,280.82,1299200
2022-07-29,281.8,282.41,275.65,280.41,280.41,1673300
2022-07-30,281.13,281.85,274.61,278.22,278.22,1600833
2022-07-31,280.46,281.28,273.56,276.02,276.02,1528366
2022-08-01,279.79,280.72,272.52,273.83,273.83,1455900
2022-08-02,275.82,278.25,273.0,273.86,273.86,1006700
2022-08-03,276.01,279.37,271.61,275.03,275.03,1474300
2022-08-04,277.41,278.14,272.93,274.85,274.85,2034300
2022-08-05,273.11,288.7,272.1,288.03,288.03,2398800
2022-08-06,278.29,291.45,277.62,290.0,290.0,2161500
2022-08-07,283.47,294.2,283.13,291.98,291.98,1924200
2022-08-08,288.65,296.95,288.65,293.95,293.95,1686900
2022-08-09,294.28,301.73,293.95,298.83,298.83,1599800
2022-08-10,301.2,301.8,295.11,295.77,295.77,1432500
2022-08-11,295.39,297.76,289.78,292.16,292.16,1160000
2022-08-12,292.87,295.66,292.12,294.52,294.52,990800
2022-08-13,293.15,299.09,292.65,298.19,298.19,1265333
2022-08-14,293.43,302.52,293.18,301.86,301.86,1539866
2022-08-15,293.71,305.95,293.71,305.53,305.53,1814400
2022-08-16,305.0,305.91,301.97,303.0,303.0,1103700
2022-08-17,300.04,302.82,298.79,299.23,299.23,908600
2022-08-18,299.89,299.89,291.45,294.29,294.29,956000
2022-08-19,293.23,300.26,292.11,299.04,299.04,1091600
2022-08-20,295.4,300.91,292.57,297.31,297.31,1103133
2022-08-21,297.56,301.56,293.02,295.57,295.57,1114666
2022-08-22,299.73,302.21,293.48,293.84,293.84,1126200
2022-08-23,292.19,295.0,282.67,286.25,286.25,1407200
2022-08-24,287.35,291.96,285.03,291.03,291.03,910000
2022-08-25,293.0,293.0,288.24,291.22,291.22,590600
2022-08-26,292.17,294.15,281.31,281.68,281.68,1263800
2022-08-27,287.7,290.97,279.94,281.65,281.65,1202766
2022-08-28,283.22,287.8,278.57,281.63,281.63,1141733
2022-08-29,278.75,284.62,277.2,281.6,281.6,1080700
2022-08-30,281.5,282.96,278.97,281.36,281.36,849600
2022-08-31,281.86,286.71,281.12,281.76,281.76,1442200
2022-09-01,281.65,290.5,281.54,290.2,290.2,1106600
2022-09-02,290.23,292.0,279.5,281.04,281.04,1121800
2022-09-03,288.1,290.03,279.25,280.58,280.58,1088675
2022-09-04,285.97,288.05,279.01,280.11,280.11,1055550
2022-09-05,283.83,286.08,278.76,279.64,279.64,1022425
2022-09-06,281.7,284.11,278.52,279.18,279.18,989300
2022-09-07,279.89,286.08,277.5,284.44,284.44,1053700
2022-09-08,284.77,291.29,283.3,288.99,288.99,1189700
2022-09-09,288.53,292.93,286.52,292.11,292.11,1464100
2022-09-10,290.35,294.0,287.7,292.57,292.57,1544800
2022-09-11,292.18,295.07,288.87,293.02,293.02,1625500
2022-09-12,294.0,296.14,290.05,293.48,293.48,1706200
2022-09-13,291.2,292.95,280.02,280.67,280.67,1614700
2022-09-14,282.77,287.36,279.62,284.86,284.86,1354300
2022-09-15,285.91,288.15,282.04,287.67,287.67,1028600
2022-09-16,288.39,291.94,286.01,289.71,289.71,2484400
2022-09-17,287.03,290.29,283.9,288.19,288.19,2106366
2022-09-18,285.68,288.65,281.8,286.66,286.66,1728333
2022-09-19,284.32,287.0,279.69,285.14,285.14,1350300
2022-09-20,284.38,288.47,282.47,286.94,286.94,1130600
2022-09-21,286.94,288.31,280.24,280.4,280.4,1109800
2022-09-22,278.39,288.92,277.67,286.34,286.34,1408200
2022-09-23,283.29,285.12,279.7,283.45,283.45,1353200
2022-09-24,283.09,285.19,278.66,281.23,281.23,1429800
2022-09-25,282.9,285.26,277.61,279.0,279.0,1506400
2022-09-26,282.7,285.33,276.57,276.78,276.78,1583000
2022-09-27,279.93,289.52,278.19,284.74,284.74,1464700
2022-09-28,289.28,293.83,286.02,292.41,292.41,1656300
2022-09-29,292.41,293.33,286.57,292.8,292.8,1341200
2022-09-30,292.96,294.62,289.17,289.54,289.54,1914300
2022-10-01,293.21,296.28,289.33,292.17,292.17,1874700
2022-10-02,293.46,297.93,289.48,294.8,294.8,1835100
2022-10-03,293.71,299.59,289.64,297.43,297.43,1795500
2022-10-04,299.85,303.04,295.87,300.64,300.64,1539700
2022-10-05,300.64,304.26,296.8,302.02,302.02,1296700
2022-10-06,300.0,302.89,297.42,298.63,298.63,1132500
2022-10-07,295.91,300.05,292.73,295.23,295.23,1424700
2022-10-08,295.76,298.89,292.32,295.0,295.0,1228133
2022-10-09,295.6,297.74,291.91,294.77,294.77,1031566
2022-10-10,295.45,296.58,291.5,294.54,294.54,835000
2022-10-11,294.54,300.14,292.9,295.16,295.16,1261200
2022-10-12,295.0,295.64,289.91,290.13,290.13,928500
2022-10-13,284.89,297.9,283.58,296.54,296.54,1124500
2022-10-14,298.07,300.94,292.71,293.21,293.21,1028100
2022-10-15,297.74,300.08,293.21,294.48,294.48,1054833
2022-10-16,297.41,299.21,293.7,295.75,295.75,1081566
2022-10-17,297.08,298.35,294.2,297.02,297.02,1108300
2022-10-18,300.21,303.29,296.46,300.17,300.17,983500
2022-10-19,298.85,299.58,289.54,292.02,292.02,928700
2022-10-20,292.1,295.55,289.18,290.16,290.16,1000900
2022-10-21,289.69,300.14,287.96,300.0,300.0,1467100
2022-10-22,294.04,304.18,292.81,303.5,303.5,1642733
2022-10-23,298.39,308.23,297.65,307.0,307.0,1818366
2022-10-24,302.74,312.27,302.5,310.5,310.5,1994000
2022-10-25,312.0,315.37,308.15,309.21,309.21,1759700
2022-10-26,313.04,316.48,309.42,311.18,311.18,1266100
2022-10-27,310.71,311.5,287.2,287.89,287.89,4090200
2022-10-28,302.0,314.49,294.31,313.89,313.89,3260200
2022-10-29,304.78,314.36,299.01,313.26,313.26,2698533
2022-10-30,307.57,314.22,303.71,312.63,312.63,2136866
2022-10-31,310.35,314.09,308.41,312.0,312.0,1575200
2022-11-01,312.44,316.09,309.59,314.2,314.2,1192500
2022-11-02,314.47,318.38,309.44,310.01,310.01,1492900
2022-11-03,307.4,313.64,305.06,311.3,311.3,936000
2022-11-04,311.63,312.6,304.04,308.82,308.82,1180200
2022-11-05,309.54,311.33,302.2,306.96,306.96,1306833
2022-11-06,307.45,310.07,300.37,305.09,305.09,1433466
2022-11-07,305.36,308.8,298.53,303.23,303.23,1560100
2022-11-08,303.09,311.68,300.31,306.5,306.5,1356600
2022-11-09,306.5,312.15,305.6,309.34,309.34,1321400
2022-11-10,315.12,316.18,302.74,311.03,311.03,2112600
2022-11-11,308.89,309.8,288.83,303.26,303.26,2182100
2022-11-12,307.63,310.39,293.84,304.18,304.18,1919300
2022-11-13,306.37,310.98,298.86,305.11,305.11,1656500
2022-11-14,305.11,311.57,303.87,306.03,306.03,1393700
2022-11-15,308.61,309.98,300.0,305.28,305.28,1309100
2022-11-16,306.55,308.75,304.58,305.44,305.44,874300
2022-11-17,304.13,311.86,302.02,309.9,309.9,1048200
2022-11-18,311.63,315.54,311.13,314.63,314.63,1172400
2022-11-19,312.75,316.36,312.05,315.15,315.15,1164700
2022-11-20,313.88,317.18,312.98,315.68,315.68,1157000
2022-11-21,315.0,318.0,313.9,316.2,316.2,1149300
2022-11-22,317.83,322.26,313.06,321.48,321.48,1461100
2022-11-23,323.48,323.61,315.28,316.16,316.16,1042800
2022-11-24,319.33,320.32,313.65,314.57,314.57,878250
2022-11-25,315.17,317.03,312.01,312.98,312.98,713700
2022-11-26,314.71,318.33,312.51,313.75,313.75,846966
2022-11-27,314.24,319.63,313.01,314.53,314.53,980233
2022-11-28,313.78,320.93,313.51,315.3,315.3,1113500
2022-11-29,315.69,317.21,312.47,316.33,316.33,1380400
2022-11-30,319.52,322.74,314.03,316.4,316.4,6633400
2022-12-01,318.55,321.52,315.18,320.76,320.76,1549100
2022-12-02,317.4,322.45,316.88,321.37,321.37,1094800
2022-12-03,317.88,321.53,316.44,320.11,320.11,1000833
2022-12-04,318.37,320.61,315.99,318.86,318.86,906866
2022-12-05,318.85,319.69,315.55,317.6,317.6,812900
2022-12-06,316.44,317.28,310.04,311.81,311.81,1064400
2022-12-07,311.81,317.71,310.65,317.58,317.58,871200
2022-12-08,317.55,324.75,316.95,321.32,321.32,1147900
2022-12-09,319.3,321.15,311.79,312.22,312.22,1007700
2022-12-10,317.94,319.24,311.57,312.88,312.88,1139066
2022-12-11,316.58,317.32,311.36,313.53,313.53,1270433
2022-12-12,315.22,315.41,311.14,314.19,314.19,1401800
2022-12-13,317.0,317.33,306.77,307.09,307.09,2006200
2022-12-14,305.86,314.8,304.52,312.09,312.09,1402500
2022-12-15,311.23,312.4,307.14,308.4,308.4,1008900
2022-12-16,305.46,307.66,302.85,304.8,304.8,3091400
2022-12-17,304.16,305.97,298.39,300.4,300.4,2613666
2022-12-18,302.85,304.28,293.94,295.99,295.99,2135933
2022-12-19,301.55,302.59,289.48,291.59,291.59,1658200
2022-12-20,291.8,296.0,291.3,293.23,293.23,1287700
2022-12-21,292.26,294.39,289.28,290.55,290.55,1539400
2022-12-22,290.19,294.34,288.19,293.92,293.92,1189200
2022-12-23,292.8,294.82,288.07,289.69,289.69,701100
2022-12-24,292.1,293.87,287.55,289.1,289.1,693600
2022-12-25,291.4,292.91,287.03,288.51,288.51,686100
2022-12-26,290.7,291.96,286.51,287.91,287.91,678600
2022-12-27,290.0,291.0,285.99,287.32,287.32,671100
2022-12-28,287.0,289.68,284.76,285.76,285.76,842500
2022-12-29,287.22,291.73,285.8,289.08,289.08,894800
2022-12-30,288.67,289.32,284.4,288.78,288.78,1030700
2022-12-31,288.66,289.26,284.17,288.09,288.09,1048125
2023-01-01,288.64,289.19,283.95,287.4,287.4,1065550
2023-01-02,288.62,289.13,283.72,286.71,286.71,1082975
2023-01-03,288.61,289.06,283.5,286.02,286.02,1100400
2023-01-04,288.3,289.29,283.98,286.83,286.83,1137400
2023-01-05,284.33,290.17,283.9,287.89,287.89,1187000
2023-01-06,291.81,293.65,288.62,290.21,290.21,943400
2023-01-07,291.24,292.99,286.48,287.88,287.88,1062000
2023-01-08,290.66,292.32,284.35,285.56,285.56,1180600
2023-01-09,290.09,291.66,282.21,283.23,283.23,1299200
2023-01-10,283.23,288.85,282.58,288.75,288.75,1038900
2023-01-11,289.87,292.89,286.89,292.25,292.25,1630300
2023-01-12,290.22,296.28,288.72,296.25,296.25,1801100
2023-01-13,296.39,301.26,295.58,300.94,300.94,1448300
2023-01-14,298.17,304.03,297.34,303.7,303.7,1603900
2023-01-15,299.94,306.81,299.1,306.46,306.46,1759500
2023-01-16,301.71,309.58,300.86,309.22,309.22,1915100
2023-01-17,303.49,312.35,302.62,311.98,311.98,2070700
2023-01-18,311.8,312.66,307.06,309.86,309.86,2264900
2023-01-19,310.03,311.54,302.52,307.94,307.94,1551500
2023-01-20,306.31,310.46,305.49,309.84,309.84,1466200
2023-01-21,307.4,311.12,306.5,310.5,310.5,1581033
2023-01-22,308.5,311.77,307.52,311.15,311.15,1695866
2023-01-23,309.59,312.43,308.53,311.81,311.81,1810700
2023-01-24,311.8,313.89,309.53,313.57,313.57,932300
2023-01-25,314.36,315.33,312.0,315.28,315.28,1315100
2023-01-26,315.75,321.11,314.6,321.02,321.02,1302000
2023-01-27,321.0,323.67,319.58,321.45,321.45,1288600
2023-01-28,321.07,323.34,319.46,320.96,320.96,1613000
2023-01-29,321.14,323.02,319.35,320.47,320.47,1937400
2023-01-30,321.21,322.69,319.23,319.98,319.98,2261800
2023-01-31,319.98,325.19,319.98,323.1,323.1,1352900
2023-02-01,321.5,323.1,312.58,317.27,317.27,1237700
2023-02-02,315.0,315.77,301.06,303.78,303.78,1944000
2023-02-03,304.56,306.4,300.75,301.02,301.02,1621300
2023-02-04,302.98,307.69,300.41,302.3,302.3,1512733
2023-02-05,301.39,308.99,300.06,303.59,303.59,1404166
2023-02-06,299.81,310.28,299.72,304.87,304.87,1295600
2023-02-07,303.59,309.44,302.24,308.54,308.54,1300600
2023-02-08,302.98,303.11,293.09,293.33,293.33,2168600
2023-02-09,293.1,295.52,289.58,291.6,291.6,1798700
2023-02-10,291.95,298.49,290.17,297.4,297.4,1342100
2023-02-11,293.14,299.32,291.96,297.99,297.99,1245833
2023-02-12,294.34,300.16,293.74,298.59,298.59,1149566
2023-02-13,295.53,300.99,295.53,299.18,299.18,1053300
2023-02-14,297.47,301.35,295.0,300.25,300.25,1190400
2023-02-15,299.06,299.57,294.08,298.75,298.75,899800
2023-02-16,296.17,298.39,291.49,292.04,292.04,1039300
2023-02-17,291.24,295.69,290.0,293.66,293.66,1278000
2023-02-18,291.12,295.73,290.19,293.37,293.37,1239825
2023-02-19,291.0,295.76,290.38,293.07,293.07,1201650
2023-02-20,290.88,295.8,290.57,292.78,292.78,1163475
2023-02-21,290.76,295.84,290.76,292.48,292.48,1125300
2023-02-22,292.84,296.66,290.0,294.36,294.36,1010800
2023-02-23,293.91,296.26,290.72,292.57,292.57,750700
2023-02-24,290.4,291.75,286.48,287.37,287.37,1085100
2023-02-25,289.14,291.18,286.09,287.38,287.38,1008766
2023-02-26,287.88,290.62,285.7,287.39,287.39,932433
2023-02-27,286.62,290.05,285.31,287.4,287.4,856100
2023-02-28,286.22,291.56,285.6,290.29,290.29,1510500
2023-03-01,289.06,292.6,287.16,291.23,291.23,1056400
2023-03-02,290.1,293.15,289.57,290.76,290.76,766600
2023-03-03,290.52,291.2,287.51,290.51,290.51,1060300
2023-03-04,290.35,292.13,287.97,290.88,290.88,1049000
2023-03-05,290.17,293.07,288.42,291.25,291.25,1037700
2023-03-06,290.0,294.0,288.88,291.62,291.62,1026400
2023-03-07,291.85,291.85,285.27,286.58,286.58,1057900
2023-03-08,285.52,287.11,283.6,285.18,285.18,676700
2023-03-09,288.3,289.21,284.57,286.88,286.88,1000000
2023-03-10,286.58,296.4,285.92,287.24,287.24,1459300
2023-03-11,287.16,296.52,286.72,289.31,289.31,1424533
2023-03-12,287.73,296.63,287.51,291.39,291.39,1389766
2023-03-13,288.31,296.75,288.31,293.46,293.46,1355000
2023-03-14,293.81,295.56,290.71,295.25,295.25,1095200
2023-03-15,295.22,296.22,291.85,294.27,294.27,839100
2023-03-16,291.36,301.55,290.66,300.64,300.64,1120700
2023-03-17,300.17,301.23,293.4,295.77,295.77,1676000
2023-03-18,299.02,301.07,294.3,296.83,296.83,1373266
2023-03-19,297.87,300.9,295.19,297.89,297.89,1070533
2023-03-20,296.72,300.74,296.09,298.95,298.95,767800
2023-03-21,301.0,303.44,299.64,302.66,302.66,1025500
2023-03-22,303.48,303.99,297.75,297.87,297.87,774700
2023-03-23,301.95,305.47,300.68,304.75,304.75,1312800
2023-03-24,305.38,315.0,302.87,314.39,314.39,2376600
2023-03-25,308.48,315.09,304.56,312.42,312.42,1955866
2023-03-26,311.58,315.18,306.24,310.44,310.44,1535133
2023-03-27,314.68,315.27,307.93,308.47,308.47,1114400
2023-03-28,310.75,313.33,309.43,313.25,313.25,1056700
2023-03-29,312.55,316.31,311.41,314.24,314.24,1185800
2023-03-30,314.75,315.56,310.9,312.16,312.16,781400
2023-03-31,313.0,315.38,312.1,315.07,315.07,1111100
2023-04-01,313.67,316.25,312.58,315.49,315.49,1019100
2023-04-02,314.33,317.13,313.07,315.91,315.91,927100
2023-04-03,315.0,318.0,313.55,316.33,316.33,835100
2023-04-04,315.56,318.85,313.47,314.42,314.42,952200
2023-04-05,316.4,322.1,314.33,321.94,321.94,1126100
2023-04-06,321.41,324.65,321.13,321.66,321.66,912000
2023-04-07,321.18,324.35,320.35,322.06,322.06,850425
2023-04-08,320.95,324.05,319.57,322.45,322.45,788850
2023-04-09,320.71,323.75,318.8,322.84,322.84,727275
2023-04-10,320.48,323.45,318.02,323.24,323.24,665700
2023-04-11,324.17,324.97,321.4,324.83,324.83,649800
2023-04-12,324.36,327.98,323.98,326.37,326.37,988800
2023-04-13,326.97,334.09,326.01,333.35,333.35,1259300
2023-04-14,332.96,334.18,331.37,333.52,333.52,931000
2023-04-15,333.64,334.45,329.94,331.59,331.59,968900
2023-04-16,334.32,334.73,328.52,329.67,329.67,1006800
2023-04-17,335.0,335.0,327.09,327.74,327.74,1044700
2023-04-18,328.0,328.0,323.38,325.15,325.15,957500
2023-04-19,326.79,330.15,325.19,328.45,328.45,796400
2023-04-20,326.79,330.47,326.68,329.15,329.15,812200
2023-04-21,330.89,335.28,330.25,331.09,331.09,925000
2023-04-22,330.94,334.81,330.11,331.67,331.67,815666
2023-04-23,331.0,334.33,329.98,332.26,332.26,706333
2023-04-24,331.05,333.86,329.84,332.84,332.84,597000
2023-04-25,334.5,336.25,331.18,331.93,331.93,842200
2023-04-26,326.5,327.23,316.43,323.3,323.3,1572700
2023-04-27,324.5,340.22,324.5,339.37,339.37,2518600
2023-04-28,338.5,346.29,338.35,340.73,340.73,1455400
2023-04-29,339.07,346.09,338.83,342.15,342.15,1466600
2023-04-30,339.65,345.89,339.3,343.58,343.58,1477800
2023-05-01,340.22,345.69,339.78,345.0,345.0,1489000
2023-05-02,345.0,354.46,344.39,346.03,346.03,2002000
2023-05-03,349.28,352.23,342.34,346.36,346.36,1226400
2023-05-04,347.97,349.13,345.01,346.59,346.59,927800
2023-05-05,346.89,350.54,345.01,348.09,348.09,1119400
2023-05-06,347.13,349.67,343.6,346.76,346.76,982233
2023-05-07,347.38,348.8,342.2,345.42,345.42,845066
2023-05-08,347.62,347.93,340.79,344.09,344.09,707900
2023-05-09,343.29,346.49,342.66,344.83,344.83,871000
2023-05-10,348.0,352.47,346.17,350.04,350.04,1199200
2023-05-11,350.57,351.6,347.35,350.4,350.4,787600
2023-05-12,350.42,351.98,345.8,347.41,347.41,509200
2023-05-13,349.61,351.9,346.21,347.82,347.82,569800
2023-05-14,348.81,351.82,346.62,348.24,348.24,630400
2023-05-15,348.0,351.74,347.03,348.65,348.65,691000
2023-05-16,347.5,347.93,342.06,345.15,345.15,827900
2023-05-17,343.9,345.46,334.27,341.2,341.2,1073800
2023-05-18,341.1,341.1,336.35,339.46,339.46,1139300
2023-05-19,341.37,345.64,338.09,341.7,341.7,942700
2023-05-20,342.27,345.76,338.04,341.12,341.12,949033
2023-05-21,343.16,345.88,338.0,340.55,340.55,955366
2023-05-22,344.06,346.0,337.95,339.97,339.97,961700
2023-05-23,340.5,340.5,332.08,333.51,333.51,1381500
2023-05-24,335.77,336.57,331.05,333.85,333.85,1154100
2023-05-25,330.92,333.99,327.59,332.63,332.63,1368300
2023-05-26,328.99,331.78,325.82,329.99,329.99,1850500
2023-05-27,329.2,331.35,324.77,328.82,328.82,1859925
2023-05-28,329.4,330.93,323.72,327.64,327.64,1869350
2023-05-29,329.61,330.5,322.67,326.47,326.47,1878775
2023-05-30,329.82,330.07,321.62,325.3,325.3,1888200
2023-05-31,327.13,328.65,321.7,323.57,323.57,5592300
2023-06-01,324.47,324.58,320.01,323.62,323.62,1342900
2023-06-02,323.0,334.53,322.25,333.78,333.78,1572700
2023-06-03,326.67,334.77,325.5,333.99,333.99,1396633
2023-06-04,330.33,335.0,328.75,334.21,334.21,1220566
2023-06-05,334.0,335.24,332.0,334.42,334.42,1044500
2023-06-06,337.98,337.98,328.85,330.41,330.41,1089100
2023-06-07,329.13,332.0,324.04,324.65,324.65,1139600
2023-06-08,324.0,334.08,323.02,332.58,332.58,1446800
2023-06-09,333.52,335.0,328.61,334.11,334.11,1066200
2023-06-10,334.32,337.03,329.7,336.27,336.27,1183166
2023-06-11,335.11,339.05,330.78,338.44,338.44,1300133
2023-06-12,335.91,341.08,331.87,340.6,340.6,1417100
2023-06-13,340.87,344.4,339.21,342.1,342.1,986300
2023-06-14,342.63,342.63,338.2,340.96,340.96,835900
2023-06-15,344.2,349.79,341.19,349.08,349.08,1230800
2023-06-16,350.0,352.19,347.01,347.89,347.89,2614500
2023-06-17,350.1,351.74,345.83,346.59,346.59,2298950
2023-06-18,350.2,351.29,344.65,345.29,345.29,1983400
2023-06-19,350.29,350.84,343.48,343.99,343.99,1667850
2023-06-20,350.39,350.39,342.3,342.69,342.69,1352300
2023-06-21,343.58,345.84,341.25,343.28,343.28,1239600
2023-06-22,344.08,348.59,342.03,348.16,348.16,1265600
2023-06-23,346.77,347.88,342.45,347.0,347.0,1370000
2023-06-24,348.18,349.23,342.27,347.15,347.15,1401466
2023-06-25,349.59,350.58,342.08,347.3,347.3,1432933
2023-06-26,351.0,351.93,341.9,347.45,347.45,1464400
2023-06-27,348.05,350.08,342.63,347.12,347.12,1258100
2023-06-28,348.0,351.94,345.03,350.78,350.78,1045200
2023-06-29,349.91,352.77,347.7,348.18,348.18,1050800
2023-06-30,349.86,354.94,349.57,351.91,351.91,1453300
2023-07-01,349.5,352.91,347.66,350.46,350.46,1198466
2023-07-02,349.13,350.87,345.76,349.02,349.02,943633
2023-07-03,348.77,348.84,343.85,347.57,347.57,688800
2023-07-04,348.17,349.41,343.48,347.95,347.95,771550
2023-07-05,347.57,349.99,343.11,348.32,348.32,854300
2023-07-06,347.0,347.92,344.52,345.76,345.76,829700
2023-07-07,345.66,345.66,335.82,338.18,338.18,1268500
2023-07-08,343.45,346.0,336.89,340.27,340.27,1181966
2023-07-09,341.23,346.35,337.95,342.37,342.37,1095433
2023-07-10,339.02,346.69,339.02,344.46,344.46,1008900
2023-07-11,342.63,344.79,340.02,341.74,341.74,940000
2023-07-12,342.78,347.63,341.91,346.06,346.06,795800
2023-07-13,347.53,349.97,346.09,349.02,349.02,756400
2023-07-14,348.84,353.4,348.18,352.74,352.74,961300
2023-07-15,349.81,355.38,349.33,354.49,354.49,1055633
2023-07-16,350.77,357.36,350.48,356.23,356.23,1149966
2023-07-17,351.74,359.34,351.63,357.98,357.98,1244300
2023-07-18,356.32,359.33,353.49,358.98,358.98,935500
2023-07-19,360.0,365.53,358.45,358.57,358.57,1000200
2023-07-20,360.7,365.56,360.27,361.82,361.82,1128100
2023-07-21,364.93,367.0,361.42,362.46,362.46,4433200
2023-07-22,363.89,365.62,359.52,360.66,360.66,3345566
2023-07-23,362.86,364.24,357.61,358.85,358.85,2257933
2023-07-24,361.82,362.86,355.71,357.05,357.05,1170300
2023-07-25,355.0,358.47,352.52,358.06,358.06,1359900
2023-07-26,356.26,356.26,349.54,351.91,351.91,1233300
2023-07-27,352.38,352.9,348.67,349.64,349.64,895500
2023-07-28,350.32,355.13,348.89,354.05,354.05,728100
2023-07-29,351.35,354.62,349.38,353.48,353.48,786233
2023-07-30,352.39,354.11,349.87,352.91,352.91,844366
2023-07-31,353.42,353.6,350.36,352.34,352.34,902500
2023-08-01,351.42,352.47,345.69,347.74,347.74,1421700
2023-08-02,350.0,360.98,344.24,358.4,358.4,2182900
2023-08-03,355.0,356.84,347.08,347.74,347.74,1177100
2023-08-04,347.74,348.94,340.2,340.48,340.48,1248200
2023-08-05,345.95,348.1,340.36,342.09,342.09,1160766
2023-08-06,344.17,347.27,340.52,343.71,343.71,1073333
2023-08-07,342.38,346.43,340.68,345.32,345.32,985900
2023-08-08,347.52,349.84,343.29,344.47,344.47,788200
2023-08-09,345.51,347.69,342.7,345.11,345.11,740300
2023-08-10,345.79,350.71,345.36,347.38,347.38,632600
2023-08-11,347.38,350.52,346.82,349.86,349.86,726000
2023-08-12,347.84,350.99,347.21,349.7,349.7,669933
2023-08-13,348.31,351.46,347.61,349.53,349.53,613866
2023-08-14,348.77,351.93,348.0,349.37,349.37,557800
2023-08-15,349.37,351.83,348.02,349.78,349.78,516900
2023-08-16,348.76,350.42,342.64,343.41,343.41,649400
2023-08-17,344.21,345.63,342.28,343.87,343.87,889900
2023-08-18,343.4,347.44,342.42,344.82,344.82,803300
2023-08-19,343.86,348.7,343.09,346.79,346.79,885466
2023-08-20,344.31,349.97,343.77,348.77,348.77,967633
2023-08-21,344.77,351.23,344.44,350.74,350.74,1049800
2023-08-22,349.91,352.63,348.24,350.4,350.4,613800
2023-08-23,354.0,355.9,350.21,350.6,350.6,507000
2023-08-24,351.29,352.77,346.56,346.77,346.77,704400
2023-08-25,347.94,350.87,345.36,350.06,350.06,697900
2023-08-26,349.43,351.64,346.91,350.57,350.57,649433
2023-08-27,350.92,352.4,348.45,351.09,351.09,600966
2023-08-28,352.41,353.17,350.0,351.6,351.6,552500
2023-08-29,350.46,353.18,349.11,351.26,351.26,882600
2023-08-30,353.17,354.6,349.89,350.76,350.76,640500
2023-08-31,349.85,350.66,346.57,348.34,348.34,1025900
2023-09-01,352.31,352.74,350.18,351.1,351.1,764200
2023-09-02,352.4,352.91,349.51,350.39,350.39,765925
2023-09-03,352.49,353.08,348.84,349.68,349.68,767650
2023-09-04,352.57,353.25,348.17,348.97,348.97,769375
2023-09-05,352.66,353.42,347.5,348.26,348.26,771100
2023-09-06,347.82,347.98,340.83,344.32,344.32,1148700
2023-09-07,345.78,348.56,343.74,343.96,343.96,1452600
2023-09-08,344.3,347.35,342.06,343.05,343.05,1275300
2023-09-09,344.01,347.85,342.39,344.44,344.44,1092100
2023-09-10,343.71,348.35,342.72,345.83,345.83,908900
2023-09-11,343.42,348.85,343.05,347.22,347.22,725700
2023-09-12,348.27,348.99,345.36,346.55,346.55,642400
2023-09-13,345.53,349.51,345.53,346.84,346.84,739500
2023-09-14,347.49,351.21,346.56,349.42,349.42,775200
2023-09-15,351.26,352.75,348.07,348.9,348.9,1741600
2023-09-16,350.76,352.78,347.78,349.93,349.93,1370500
2023-09-17,350.25,352.8,347.5,350.97,350.97,999400
2023-09-18,349.75,352.83,347.21,352.0,352.0,628300
2023-09-19,351.0,358.51,350.5,358.26,358.26,800700
2023-09-20,358.59,358.59,352.18,352.31,352.31,903900
2023-09-21,351.11,355.95,350.25,354.28,354.28,1061100
2023-09-22,351.76,355.25,348.41,349.53,349.53,938800
2023-09-23,351.17,353.77,347.15,349.91,349.91,858566
2023-09-24,350.59,352.28,345.88,350.29,350.29,778333
2023-09-25,350.0,350.8,344.62,350.67,350.67,698100
2023-09-26,350.0,352.54,349.17,351.69,351.69,633600
2023-09-27,351.16,352.91,347.52,349.65,349.65,860600
2023-09-28,351.14,354.52,350.63,352.5,352.5,578900
2023-09-29,351.94,354.18,347.26,347.74,347.74,896800
2023-09-30,350.21,352.14,345.71,347.77,347.77,847933
2023-10-01,348.49,350.11,344.17,347.8,347.8,799066
2023-10-02,346.76,348.07,342.62,347.83,347.83,750200
2023-10-03,345.28,347.79,341.85,345.15,345.15,784700
2023-10-04,346.72,353.7,345.1,352.97,352.97,895500
2023-10-05,353.38,355.77,351.23,355.14,355.14,670900
2023-10-06,354.61,362.99,352.25,360.62,360.62,1147900
2023-10-07,356.81,363.15,352.71,358.81,358.81,1241700
2023-10-08,359.02,363.32,353.16,357.01,357.01,1335500
2023-10-09,361.22,363.48,353.62,355.2,355.2,1429300
2023-10-10,354.46,362.4,352.63,360.57,360.57,966600
2023-10-11,361.46,365.27,359.14,365.25,365.25,1184600
2023-10-12,366.37,370.64,365.53,368.0,368.0,1303800
2023-10-13,368.57,372.78,367.18,371.0,371.0,1360700
2023-10-14,369.75,373.34,368.47,372.0,372.0,1496333
2023-10-15,370.94,373.89,369.76,373.0,373.0,1631966
2023-10-16,372.12,374.45,371.05,374.0,374.0,1767600
2023-10-17,373.25,375.93,372.58,373.5,373.5,1674500
2023-10-18,372.43,375.65,366.68,367.55,367.55,1516600
2023-10-19,367.55,369.67,361.72,364.8,364.8,1514700
2023-10-20,365.72,367.48,361.59,361.86,361.86,1389400
2023-10-21,364.9,367.7,361.22,363.79,363.79,1448266
2023-10-22,364.07,367.93,360.84,365.73,365.73,1507133
2023-10-23,363.25,368.15,360.47,367.66,367.66,1566000
2023-10-24,365.93,371.02,364.58,369.38,369.38,997300
2023-10-25,369.21,370.0,360.91,363.04,363.04,958000
2023-10-26,362.03,365.66,360.02,361.28,361.28,942100
2023-10-27,360.61,362.31,353.76,355.28,355.28,910700
2023-10-28,359.46,361.2,354.37,356.0,356.0,897933
2023-10-29,358.3,360.08,354.97,356.73,356.73,885166
2023-10-30,357.15,358.97,355.58,357.45,357.45,872400
2023-10-31,355.92,363.1,353.13,362.11,362.11,987700
2023-11-01,364.95,370.71,363.22,369.33,369.33,1003500
2023-11-02,370.23,376.84,367.73,376.55,376.55,1138000
2023-11-03,379.64,381.0,375.85,376.2,376.2,1456800
2023-11-04,379.52,383.14,376.99,379.39,379.39,1637533
2023-11-05,379.39,385.28,378.13,382.57,382.57,1818266
2023-11-06,379.27,387.42,379.27,385.76,385.76,1999000
2023-11-07,377.38,385.48,370.18,378.25,378.25,1930400
2023-11-08,380.78,380.78,371.77,376.96,376.96,1276400
2023-11-09,377.33,377.74,367.02,368.57,368.57,1207100
2023-11-10,372.79,375.88,369.57,373.65,373.65,1315800
2023-11-11,372.91,376.95,370.3,375.41,375.41,1196333
2023-11-12,373.04,378.02,371.02,377.16,377.16,1076866
2023-11-13,373.16,379.09,371.75,378.92,378.92,957400
2023-11-14,380.82,381.59,369.33,369.95,369.95,1578100
2023-11-15,369.92,370.07,348.54,349.34,349.34,3234900
2023-11-16,350.72,352.06,341.9,343.0,343.0,3094500
2023-11-17,346.26,351.62,342.64,350.5,350.5,2035200
2023-11-18,347.43,353.55,344.87,352.61,352.61,1863633
2023-11-19,348.59,355.48,347.09,354.73,354.73,1692066
2023-11-20,349.76,357.41,349.32,356.84,356.84,1520500
2023-11-21,357.9,358.21,351.32,354.78,354.78,1227000
2023-11-22,357.06,358.5,350.03,353.23,353.23,913500
2023-11-23,356.01,356.96,350.24,353.14,353.14,786100
2023-11-24,354.95,355.41,350.44,353.04,353.04,658700
2023-11-25,354.62,355.09,350.01,352.09,352.09,875333
2023-11-26,354.28,354.77,349.59,351.14,351.14,1091966
2023-11-27,353.95,354.45,349.16,350.19,350.19,1308600
2023-11-28,350.32,353.03,346.29,347.04,347.04,1154100
2023-11-29,347.5,353.6,346.68,351.0,351.0,1497200
2023-11-30,352.79,355.37,350.19,354.81,354.81,1637000
2023-12-01,355.11,356.71,350.23,351.16,351.16,1135000
2023-12-02,353.07,355.44,349.32,350.98,350.98,1246500
2023-12-03,351.04,354.17,348.42,350.81,350.81,1358000
2023-12-04,349.0,352.9,347.51,350.63,350.63,1469500
2023-12-05,350.06,355.16,349.63,354.15,354.15,1113200
2023-12-06,355.28,356.33,351.11,353.46,353.46,1137600
2023-12-07,353.46,355.19,349.29,353.95,353.95,865300
2023-12-08,354.0,354.35,348.46,350.15,350.15,1394200
2023-12-09,353.53,355.41,349.45,352.2,352.2,1348000
2023-12-10,353.05,356.46,350.45,354.24,354.24,1301800
2023-12-11,352.58,357.52,351.44,356.29,356.29,1255600
2023-12-12,360.0,361.8,355.66,357.73,357.73,972400
2023-12-13,373.5,406.0,372.8,405.07,405.07,6222500
2023-12-14,404.1,406.86,396.15,406.6,406.6,3124900
2023-12-15,408.16,411.6,400.51,410.68,410.68,4074700
2023-12-16,409.35,412.07,400.42,408.67,408.67,3338900
2023-12-17,410.55,412.53,400.32,406.66,406.66,2603100
2023-12-18,411.74,413.0,400.23,404.65,404.65,1867300
2023-12-19,399.7,403.75,395.01,403.14,403.14,1595900
2023-12-20,404.0,405.99,400.08,400.25,400.25,909500
2023-12-21,404.11,404.3,398.22,400.63,400.63,819100
2023-12-22,403.59,406.91,402.35,405.25,405.25,804200
2023-12-23,404.43,407.31,402.88,405.85,405.85,736050
2023-12-24,405.28,407.71,403.42,406.46,406.46,667900
2023-12-25,406.12,408.12,403.95,407.06,407.06,599750
2023-12-26,406.97,408.52,404.48,407.66,407.66,531600
2023-12-27,408.65,409.0,405.59,408.05,408.05,594000
2023-12-28,411.26,412.57,409.0,409.27,409.27,735600
2023-12-29,409.0,409.62,406.07,406.89,406.89,727400
2023-12-30,408.0,410.28,405.41,407.9,407.9,862900
2023-12-31,407.0,410.94,404.75,408.9,408.9,998400
2024-01-01,406.0,411.6,404.09,409.91,409.91,1133900
2024-01-02,405.0,412.26,403.43,410.91,410.91,1269400
2024-01-03,412.43,414.43,408.06,410.71,410.71,1026500
2024-01-04,411.11,418.71,411.11,416.15,416.15,1547200
2024-01-05,415.01,418.52,414.42,416.5,416.5,1000200
2024-01-06,415.36,418.77,413.9,417.37,417.37,1047533
2024-01-07,415.72,419.03,413.37,418.25,418.25,1094866
2024-01-08,416.07,419.28,412.85,419.12,419.12,1142200
2024-01-09,418.69,422.0,415.64,421.01,421.01,1106100
2024-01-10,419.89,424.55,418.53,423.76,423.76,1192400
2024-01-11,422.72,431.1,422.58,430.08,430.08,1593100
2024-01-12,432.49,434.85,431.14,433.4,433.4,1183600
2024-01-13,432.31,435.65,430.97,434.42,434.42,1334450
2024-01-14,432.13,436.44,430.8,435.44,435.44,1485300
2024-01-15,431.96,437.24,430.63,436.47,436.47,1636150
2024-01-16,431.78,438.03,430.46,437.49,437.49,1787000
2024-01-17,437.5,439.77,432.18,433.76,433.76,1407700
2024-01-18,431.59,434.88,425.41,432.98,432.98,1339100
2024-01-19,433.52,435.19,429.68,435.02,435.02,2586400
2024-01-20,434.89,438.07,432.33,436.72,436.72,2194733
2024-01-21,436.27,440.94,434.99,438.41,438.41,1803066
2024-01-22,437.64,443.82,437.64,440.11,440.11,1411400
2024-01-23,440.01,441.57,436.31,439.7,439.7,779800
2024-01-24,436.93,437.39,424.34,427.56,427.56,1670900
2024-01-25,428.06,431.35,427.06,429.96,429.96,1230600
2024-01-26,431.03,432.19,428.14,430.17,430.17,944500
2024-01-27,431.13,433.5,428.54,432.05,432.05,964366
2024-01-28,431.23,434.8,428.95,433.94,433.94,984233
2024-01-29,431.33,436.11,429.35,435.82,435.82,1004100
2024-01-30,430.0,448.4,429.69,446.08,446.08,3329900
2024-01-31,441.57,444.07,430.12,433.38,433.38,2755200
2024-02-01,434.0,435.91,431.0,433.87,433.87,1484600
2024-02-02,430.0,431.29,424.31,424.68,424.68,2181300
2024-02-03,428.33,431.17,423.51,426.08,426.08,2094200
2024-02-04,426.66,431.05,422.7,427.49,427.49,2007100
2024-02-05,424.99,430.93,421.9,428.89,428.89,1920000
2024-02-06,428.76,430.99,410.8,416.13,416.13,4504000
2024-02-07,416.74,426.72,416.74,419.08,419.08,1989800
2024-02-08,420.28,424.48,417.14,423.06,423.06,1407400
2024-02-09,425.96,425.96,419.51,422.91,422.91,1169500
2024-02-10,424.05,424.41,418.1,421.45,421.45,1235733
2024-02-11,422.15,422.85,416.69,419.99,419.99,1301966
2024-02-12,420.24,421.3,415.28,418.53,418.53,1368200
2024-02-13,417.36,419.42,412.77,416.04,416.04,1163900
2024-02-14,418.38,420.45,414.26,417.88,417.88,1133100
2024-02-15,419.16,427.41,418.61,426.29,426.29,1474000
2024-02-16,427.04,427.04,420.97,422.2,422.2,1189500
2024-02-17,425.48,426.53,419.77,421.81,421.81,1156250
2024-02-18,423.92,426.02,418.57,421.42,421.42,1123000
2024-02-19,422.35,425.51,417.36,421.03,421.03,1089750
2024-02-20,420.79,425.0,416.16,420.64,420.64,1056500
2024-02-21,421.77,424.0,414.8,419.63,419.63,916700
2024-02-22,419.85,429.81,419.85,426.78,426.78,1091800
2024-02-23,430.0,434.5,429.07,430.11,430.11,749700
2024-02-24,428.57,434.42,427.95,431.23,431.23,762466
2024-02-25,427.13,434.34,426.82,432.36,432.36,775233
2024-02-26,425.7,434.26,425.7,433.48,433.48,788000
2024-02-27,434.13,437.0,430.52,430.92,430.92,917400
2024-02-28,429.6,433.49,425.71,426.97,426.97,786600
2024-02-29,429.18,429.18,420.24,420.74,420.74,1849200
